time_sec,actual_rps,predicted_rps,phase,scenario,source
0,92.0,92.0,normal,sale_event,observed_history
1,86.0,86.0,normal,sale_event,observed_history
2,85.0,85.0,normal,sale_event,observed_history
3,91.0,91.0,normal,sale_event,observed_history
4,100.0,100.0,normal,sale_event,observed_history
5,85.0,85.0,normal,sale_event,observed_history
6,96.0,96.0,normal,sale_event,observed_history
7,99.0,99.0,normal,sale_event,observed_history
8,95.0,95.0,normal,sale_event,observed_history
9,80.0,80.0,normal,sale_event,observed_history
10,80.0,80.0,normal,sale_event,observed_history
11,100.0,100.0,normal,sale_event,observed_history
12,95.0,95.0,normal,sale_event,observed_history
13,86.0,86.0,normal,sale_event,observed_history
14,86.0,86.0,normal,sale_event,observed_history
15,87.0,87.0,normal,sale_event,observed_history
16,90.0,90.0,normal,sale_event,observed_history
17,99.0,99.0,normal,sale_event,observed_history
18,96.0,96.0,normal,sale_event,observed_history
19,80.0,80.0,normal,sale_event,observed_history
20,100.0,100.0,normal,sale_event,observed_history
21,89.0,89.0,normal,sale_event,observed_history
22,85.0,85.0,normal,sale_event,observed_history
23,97.0,97.0,normal,sale_event,observed_history
24,99.0,99.0,normal,sale_event,observed_history
25,89.0,89.0,normal,sale_event,observed_history
26,89.0,89.0,normal,sale_event,observed_history
27,94.0,94.0,normal,sale_event,observed_history
28,92.0,92.0,normal,sale_event,observed_history
29,80.0,80.0,normal,sale_event,observed_history
30,80.0,80.0,normal,sale_event,observed_history
31,100.0,100.0,normal,sale_event,observed_history
32,92.0,92.0,normal,sale_event,observed_history
33,97.0,97.0,normal,sale_event,observed_history
34,81.0,81.0,normal,sale_event,observed_history
35,100.0,100.0,normal,sale_event,observed_history
36,92.0,92.0,normal,sale_event,observed_history
37,89.0,89.0,normal,sale_event,observed_history
38,93.0,93.0,normal,sale_event,observed_history
39,87.0,87.0,normal,sale_event,observed_history
40,97.0,97.0,normal,sale_event,observed_history
41,82.0,82.0,normal,sale_event,observed_history
42,97.0,97.0,normal,sale_event,observed_history
43,97.0,97.0,normal,sale_event,observed_history
44,97.0,97.0,normal,sale_event,observed_history
45,83.0,83.0,normal,sale_event,observed_history
46,81.0,81.0,normal,sale_event,observed_history
47,92.0,92.0,normal,sale_event,observed_history
48,83.0,83.0,normal,sale_event,observed_history
49,98.0,98.0,normal,sale_event,observed_history
50,100.0,100.0,normal,sale_event,observed_history
51,98.0,98.0,normal,sale_event,observed_history
52,91.0,91.0,normal,sale_event,observed_history
53,91.0,91.0,normal,sale_event,observed_history
54,82.0,82.0,normal,sale_event,observed_history
55,87.0,87.0,normal,sale_event,observed_history
56,94.0,94.0,normal,sale_event,observed_history
57,84.0,84.0,normal,sale_event,observed_history
58,91.0,91.0,normal,sale_event,observed_history
59,94.0,94.0,normal,sale_event,observed_history
60,83.0,104.76757049560547,normal,sale_event,model_forecast
61,80.0,105.89797973632812,normal,sale_event,model_forecast
62,91.0,107.05081176757812,normal,sale_event,model_forecast
63,88.0,108.36782836914062,normal,sale_event,model_forecast
64,87.0,109.86328887939453,normal,sale_event,model_forecast
65,92.0,111.4581069946289,normal,sale_event,model_forecast
66,97.0,113.02515411376953,normal,sale_event,model_forecast
67,96.0,114.65137481689453,normal,sale_event,model_forecast
68,88.0,116.14259338378906,normal,sale_event,model_forecast
69,90.0,117.5478515625,normal,sale_event,model_forecast
70,88.0,119.05596923828125,normal,sale_event,model_forecast
71,99.0,120.42627716064453,normal,sale_event,model_forecast
72,95.0,121.70641326904297,normal,sale_event,model_forecast
73,97.0,122.802734375,normal,sale_event,model_forecast
74,80.0,123.9293441772461,normal,sale_event,model_forecast
75,86.0,125.0279541015625,normal,sale_event,model_forecast
76,96.0,126.09065246582031,normal,sale_event,model_forecast
77,93.0,127.114013671875,normal,sale_event,model_forecast
78,100.0,128.0968780517578,normal,sale_event,model_forecast
79,87.0,129.04043579101562,normal,sale_event,model_forecast
80,88.0,129.94467163085938,normal,sale_event,model_forecast
81,93.0,130.8126220703125,normal,sale_event,model_forecast
82,84.0,131.64625549316406,normal,sale_event,model_forecast
83,81.0,132.4447479248047,normal,sale_event,model_forecast
84,84.0,133.21112060546875,normal,sale_event,model_forecast
85,80.0,133.9473114013672,normal,sale_event,model_forecast
86,94.0,134.6564483642578,normal,sale_event,model_forecast
87,99.0,135.3381805419922,normal,sale_event,model_forecast
88,85.0,135.9933319091797,normal,sale_event,model_forecast
89,94.0,136.6228790283203,normal,sale_event,model_forecast
90,99.0,137.22781372070312,normal,sale_event,model_forecast
91,98.0,137.80914306640625,normal,sale_event,model_forecast
92,99.0,138.3678436279297,normal,sale_event,model_forecast
93,98.0,138.90487670898438,normal,sale_event,model_forecast
94,89.0,139.42112731933594,normal,sale_event,model_forecast
95,84.0,139.91738891601562,normal,sale_event,model_forecast
96,93.0,140.39451599121094,normal,sale_event,model_forecast
97,92.0,140.85328674316406,normal,sale_event,model_forecast
98,93.0,141.2943878173828,normal,sale_event,model_forecast
99,83.0,141.718505859375,normal,sale_event,model_forecast
100,99.0,142.12632751464844,normal,sale_event,model_forecast
101,84.0,142.51846313476562,normal,sale_event,model_forecast
102,82.0,142.89553833007812,normal,sale_event,model_forecast
103,97.0,143.25816345214844,normal,sale_event,model_forecast
104,84.0,143.6068878173828,normal,sale_event,model_forecast
105,98.0,143.94227600097656,normal,sale_event,model_forecast
106,99.0,144.2648162841797,normal,sale_event,model_forecast
107,89.0,144.57504272460938,normal,sale_event,model_forecast
108,86.0,144.8734130859375,normal,sale_event,model_forecast
109,85.0,145.16041564941406,normal,sale_event,model_forecast
110,89.0,145.43643188476562,normal,sale_event,model_forecast
111,88.0,145.70196533203125,normal,sale_event,model_forecast
112,83.0,145.95736694335938,normal,sale_event,model_forecast
113,96.0,146.20303344726562,normal,sale_event,model_forecast
114,94.0,146.4393768310547,normal,sale_event,model_forecast
115,83.0,146.66671752929688,normal,sale_event,model_forecast
116,99.0,146.8854217529297,normal,sale_event,model_forecast
117,91.0,147.09580993652344,normal,sale_event,model_forecast
118,94.0,147.2982177734375,normal,sale_event,model_forecast
119,82.0,147.49293518066406,normal,sale_event,model_forecast
120,81.0,147.68026733398438,normal,sale_event,model_forecast
121,83.0,147.86050415039062,normal,sale_event,model_forecast
122,91.0,148.03390502929688,normal,sale_event,model_forecast
123,93.0,148.2007293701172,normal,sale_event,model_forecast
124,85.0,148.3612518310547,normal,sale_event,model_forecast
125,83.0,148.51568603515625,normal,sale_event,model_forecast
126,82.0,148.66427612304688,normal,sale_event,model_forecast
127,87.0,148.80723571777344,normal,sale_event,model_forecast
128,90.0,148.94479370117188,normal,sale_event,model_forecast
129,95.0,149.07716369628906,normal,sale_event,model_forecast
130,89.0,149.2045135498047,normal,sale_event,model_forecast
131,95.0,149.32705688476562,normal,sale_event,model_forecast
132,95.0,149.44497680664062,normal,sale_event,model_forecast
133,88.0,149.5584259033203,normal,sale_event,model_forecast
134,100.0,149.66761779785156,normal,sale_event,model_forecast
135,89.0,149.77267456054688,normal,sale_event,model_forecast
136,95.0,149.87376403808594,normal,sale_event,model_forecast
137,87.0,149.97103881835938,normal,sale_event,model_forecast
138,83.0,150.0646514892578,normal,sale_event,model_forecast
139,92.0,150.1547393798828,normal,sale_event,model_forecast
140,99.0,150.24142456054688,normal,sale_event,model_forecast
141,86.0,150.32484436035156,normal,sale_event,model_forecast
142,90.0,150.40512084960938,normal,sale_event,model_forecast
143,93.0,150.48236083984375,normal,sale_event,model_forecast
144,99.0,150.5566864013672,normal,sale_event,model_forecast
145,96.0,150.62823486328125,normal,sale_event,model_forecast
146,81.0,150.69708251953125,normal,sale_event,model_forecast
147,90.0,150.76332092285156,normal,sale_event,model_forecast
148,98.0,150.82708740234375,normal,sale_event,model_forecast
149,86.0,150.88844299316406,normal,sale_event,model_forecast
150,81.0,150.94749450683594,normal,sale_event,model_forecast
151,100.0,151.00430297851562,normal,sale_event,model_forecast
152,94.0,151.0590057373047,normal,sale_event,model_forecast
153,91.0,151.11163330078125,normal,sale_event,model_forecast
154,93.0,151.1622772216797,normal,sale_event,model_forecast
155,95.0,151.21102905273438,normal,sale_event,model_forecast
156,80.0,151.2579345703125,normal,sale_event,model_forecast
157,100.0,151.30308532714844,normal,sale_event,model_forecast
158,99.0,151.34652709960938,normal,sale_event,model_forecast
159,96.0,151.38833618164062,normal,sale_event,model_forecast
160,91.0,151.42857360839844,normal,sale_event,model_forecast
161,92.0,151.46730041503906,normal,sale_event,model_forecast
162,80.0,151.5045928955078,normal,sale_event,model_forecast
163,91.0,151.54046630859375,normal,sale_event,model_forecast
164,83.0,151.57498168945312,normal,sale_event,model_forecast
165,87.0,151.60821533203125,normal,sale_event,model_forecast
166,84.0,151.64019775390625,normal,sale_event,model_forecast
167,86.0,151.6709747314453,normal,sale_event,model_forecast
168,82.0,151.70059204101562,normal,sale_event,model_forecast
169,100.0,151.72909545898438,normal,sale_event,model_forecast
170,92.0,151.7565460205078,normal,sale_event,model_forecast
171,89.0,151.78294372558594,normal,sale_event,model_forecast
172,84.0,151.808349609375,normal,sale_event,model_forecast
173,93.0,151.83282470703125,normal,sale_event,model_forecast
174,83.0,151.85635375976562,normal,sale_event,model_forecast
175,80.0,151.87901306152344,normal,sale_event,model_forecast
176,99.0,151.90081787109375,normal,sale_event,model_forecast
177,84.0,151.92181396484375,normal,sale_event,model_forecast
178,100.0,151.9420166015625,normal,sale_event,model_forecast
179,80.0,151.96145629882812,normal,sale_event,model_forecast
180,88.0,151.98016357421875,normal,sale_event,model_forecast
181,97.0,151.9981689453125,normal,sale_event,model_forecast
182,82.0,152.0155029296875,normal,sale_event,model_forecast
183,98.0,152.03219604492188,normal,sale_event,model_forecast
184,87.0,152.04823303222656,normal,sale_event,model_forecast
185,99.0,152.06369018554688,normal,sale_event,model_forecast
186,93.0,152.0785675048828,normal,sale_event,model_forecast
187,81.0,152.09288024902344,normal,sale_event,model_forecast
188,94.0,152.10665893554688,normal,sale_event,model_forecast
189,82.0,152.11993408203125,normal,sale_event,model_forecast
190,92.0,152.1326904296875,normal,sale_event,model_forecast
191,93.0,152.1449737548828,normal,sale_event,model_forecast
192,86.0,152.1567840576172,normal,sale_event,model_forecast
193,95.0,152.16818237304688,normal,sale_event,model_forecast
194,97.0,152.1791229248047,normal,sale_event,model_forecast
195,89.0,152.18966674804688,normal,sale_event,model_forecast
196,83.0,152.19981384277344,normal,sale_event,model_forecast
197,81.0,152.20957946777344,normal,sale_event,model_forecast
198,86.0,152.21897888183594,normal,sale_event,model_forecast
199,100.0,152.22801208496094,normal,sale_event,model_forecast
200,94.0,152.23672485351562,normal,sale_event,model_forecast
201,93.0,152.24510192871094,ramp_up,sale_event,model_forecast
202,97.0,152.25315856933594,ramp_up,sale_event,model_forecast
203,111.0,152.26092529296875,ramp_up,sale_event,model_forecast
204,110.0,152.26840209960938,ramp_up,sale_event,model_forecast
205,102.0,152.2755889892578,ramp_up,sale_event,model_forecast
206,109.0,152.2825164794922,ramp_up,sale_event,model_forecast
207,113.0,152.28916931152344,ramp_up,sale_event,model_forecast
208,114.0,152.2955780029297,ramp_up,sale_event,model_forecast
209,113.0,152.3017578125,ramp_up,sale_event,model_forecast
210,96.0,152.3076934814453,ramp_up,sale_event,model_forecast
211,105.0,152.31341552734375,ramp_up,sale_event,model_forecast
212,99.0,152.31890869140625,ramp_up,sale_event,model_forecast
213,115.0,152.32420349121094,ramp_up,sale_event,model_forecast
214,119.0,152.3292999267578,ramp_up,sale_event,model_forecast
215,111.0,152.33421325683594,ramp_up,sale_event,model_forecast
216,110.0,152.33892822265625,ramp_up,sale_event,model_forecast
217,104.0,152.34347534179688,ramp_up,sale_event,model_forecast
218,115.0,152.3478546142578,ramp_up,sale_event,model_forecast
219,103.0,152.35205078125,ramp_up,sale_event,model_forecast
220,121.0,152.3561248779297,ramp_up,sale_event,model_forecast
221,118.0,152.3603973388672,ramp_up,sale_event,model_forecast
222,106.0,152.36476135253906,ramp_up,sale_event,model_forecast
223,124.0,152.36904907226562,ramp_up,sale_event,model_forecast
224,116.0,152.37326049804688,ramp_up,sale_event,model_forecast
225,128.0,152.37742614746094,ramp_up,sale_event,model_forecast
226,110.0,152.3815155029297,ramp_up,sale_event,model_forecast
227,113.0,152.3855438232422,ramp_up,sale_event,model_forecast
228,111.0,152.38955688476562,ramp_up,sale_event,model_forecast
229,115.0,152.3935089111328,ramp_up,sale_event,model_forecast
230,111.0,152.39743041992188,ramp_up,sale_event,model_forecast
231,121.0,152.4012908935547,ramp_up,sale_event,model_forecast
232,115.0,152.40513610839844,ramp_up,sale_event,model_forecast
233,127.0,152.40892028808594,ramp_up,sale_event,model_forecast
234,114.0,152.41268920898438,ramp_up,sale_event,model_forecast
235,129.0,152.41639709472656,ramp_up,sale_event,model_forecast
236,116.0,152.42007446289062,ramp_up,sale_event,model_forecast
237,135.0,152.42372131347656,ramp_up,sale_event,model_forecast
238,119.0,152.4273223876953,ramp_up,sale_event,model_forecast
239,134.0,152.4308624267578,ramp_up,sale_event,model_forecast
240,124.0,152.4344024658203,ramp_up,sale_event,model_forecast
241,130.0,152.43788146972656,ramp_up,sale_event,model_forecast
242,121.0,152.4413299560547,ramp_up,sale_event,model_forecast
243,122.0,152.4447479248047,ramp_up,sale_event,model_forecast
244,134.0,152.4481201171875,ramp_up,sale_event,model_forecast
245,130.0,152.4514617919922,ramp_up,sale_event,model_forecast
246,132.0,152.4547576904297,ramp_up,sale_event,model_forecast
247,124.0,152.45803833007812,ramp_up,sale_event,model_forecast
248,125.0,152.4612579345703,ramp_up,sale_event,model_forecast
249,126.0,152.46446228027344,ramp_up,sale_event,model_forecast
250,141.0,152.46763610839844,ramp_up,sale_event,model_forecast
251,135.0,152.47076416015625,ramp_up,sale_event,model_forecast
252,135.0,152.47386169433594,ramp_up,sale_event,model_forecast
253,135.0,152.4769287109375,ramp_up,sale_event,model_forecast
254,141.0,152.47996520996094,ramp_up,sale_event,model_forecast
255,150.0,152.48297119140625,ramp_up,sale_event,model_forecast
256,149.0,152.4859161376953,ramp_up,sale_event,model_forecast
257,143.0,152.48887634277344,ramp_up,sale_event,model_forecast
258,145.0,152.4917755126953,ramp_up,sale_event,model_forecast
259,150.0,152.49465942382812,ramp_up,sale_event,model_forecast
260,136.0,152.49749755859375,ramp_up,sale_event,model_forecast
261,139.0,152.5003204345703,ramp_up,sale_event,model_forecast
262,149.0,152.50311279296875,ramp_up,sale_event,model_forecast
263,152.0,152.505859375,ramp_up,sale_event,model_forecast
264,156.0,152.50857543945312,ramp_up,sale_event,model_forecast
265,144.0,152.5112762451172,ramp_up,sale_event,model_forecast
266,148.0,152.51393127441406,ramp_up,sale_event,model_forecast
267,148.0,152.51657104492188,ramp_up,sale_event,model_forecast
268,141.0,152.51919555664062,ramp_up,sale_event,model_forecast
269,146.0,152.52178955078125,ramp_up,sale_event,model_forecast
270,149.0,152.5243377685547,ramp_up,sale_event,model_forecast
271,149.0,152.52687072753906,ramp_up,sale_event,model_forecast
272,156.0,152.5293731689453,ramp_up,sale_event,model_forecast
273,147.0,152.5318603515625,ramp_up,sale_event,model_forecast
274,149.0,152.5343017578125,ramp_up,sale_event,model_forecast
275,152.0,152.53672790527344,ramp_up,sale_event,model_forecast
276,161.0,152.53912353515625,ramp_up,sale_event,model_forecast
277,157.0,152.54150390625,ramp_up,sale_event,model_forecast
278,158.0,152.54385375976562,ramp_up,sale_event,model_forecast
279,160.0,152.54617309570312,ramp_up,sale_event,model_forecast
280,156.0,152.5484619140625,ramp_up,sale_event,model_forecast
281,165.0,152.55075073242188,ramp_up,sale_event,model_forecast
282,161.0,152.55300903320312,ramp_up,sale_event,model_forecast
283,160.0,152.5552215576172,ramp_up,sale_event,model_forecast
284,164.0,152.55743408203125,ramp_up,sale_event,model_forecast
285,168.0,152.55960083007812,ramp_up,sale_event,model_forecast
286,160.0,152.561767578125,ramp_up,sale_event,model_forecast
287,159.0,152.56390380859375,ramp_up,sale_event,model_forecast
288,158.0,152.56600952148438,ramp_up,sale_event,model_forecast
289,165.0,152.56808471679688,ramp_up,sale_event,model_forecast
290,175.0,152.57015991210938,ramp_up,sale_event,model_forecast
291,173.0,152.57220458984375,ramp_up,sale_event,model_forecast
292,178.0,152.57421875,ramp_up,sale_event,model_forecast
293,164.0,152.5762176513672,ramp_up,sale_event,model_forecast
294,166.0,152.5782012939453,ramp_up,sale_event,model_forecast
295,162.0,152.5801544189453,ramp_up,sale_event,model_forecast
296,175.0,152.58209228515625,ramp_up,sale_event,model_forecast
297,179.0,152.58401489257812,ramp_up,sale_event,model_forecast
298,167.0,152.58590698242188,ramp_up,sale_event,model_forecast
299,172.0,152.58778381347656,ramp_up,sale_event,model_forecast
300,169.0,152.5896453857422,ramp_up,sale_event,model_forecast
301,177.0,152.59149169921875,ramp_up,sale_event,model_forecast
302,183.0,152.5933074951172,ramp_up,sale_event,model_forecast
303,173.0,152.5950927734375,ramp_up,sale_event,model_forecast
304,182.0,152.59686279296875,ramp_up,sale_event,model_forecast
305,175.0,152.59864807128906,ramp_up,sale_event,model_forecast
306,183.0,152.6003875732422,ramp_up,sale_event,model_forecast
307,184.0,152.6020965576172,ramp_up,sale_event,model_forecast
308,179.0,152.6038055419922,ramp_up,sale_event,model_forecast
309,190.0,152.60549926757812,ramp_up,sale_event,model_forecast
310,172.0,152.607177734375,ramp_up,sale_event,model_forecast
311,189.0,152.60882568359375,ramp_up,sale_event,model_forecast
312,182.0,152.61045837402344,ramp_up,sale_event,model_forecast
313,191.0,152.612060546875,ramp_up,sale_event,model_forecast
314,190.0,152.61366271972656,ramp_up,sale_event,model_forecast
315,195.0,152.61524963378906,ramp_up,sale_event,model_forecast
316,181.0,152.6168212890625,ramp_up,sale_event,model_forecast
317,180.0,152.6183624267578,ramp_up,sale_event,model_forecast
318,186.0,152.61988830566406,ramp_up,sale_event,model_forecast
319,190.0,152.6214141845703,ramp_up,sale_event,model_forecast
320,192.0,152.62290954589844,ramp_up,sale_event,model_forecast
321,193.0,152.62440490722656,ramp_up,sale_event,model_forecast
322,187.0,152.62586975097656,ramp_up,sale_event,model_forecast
323,198.0,152.6273193359375,ramp_up,sale_event,model_forecast
324,187.0,152.62875366210938,ramp_up,sale_event,model_forecast
325,192.0,152.6301727294922,ramp_up,sale_event,model_forecast
326,191.0,152.631591796875,ramp_up,sale_event,model_forecast
327,190.0,152.6329803466797,ramp_up,sale_event,model_forecast
328,205.0,152.6343536376953,ramp_up,sale_event,model_forecast
329,189.0,152.63571166992188,ramp_up,sale_event,model_forecast
330,200.0,152.63706970214844,ramp_up,sale_event,model_forecast
331,192.0,152.63841247558594,ramp_up,sale_event,model_forecast
332,196.0,152.6397247314453,ramp_up,sale_event,model_forecast
333,208.0,152.6410369873047,ramp_up,sale_event,model_forecast
334,197.0,152.64231872558594,ramp_up,sale_event,model_forecast
335,209.0,152.6436004638672,ramp_up,sale_event,model_forecast
336,200.0,152.64486694335938,ramp_up,sale_event,model_forecast
337,207.0,152.6461181640625,ramp_up,sale_event,model_forecast
338,211.0,152.64735412597656,ramp_up,sale_event,model_forecast
339,214.0,152.64857482910156,ramp_up,sale_event,model_forecast
340,210.0,152.64979553222656,ramp_up,sale_event,model_forecast
341,195.0,152.6510009765625,ramp_up,sale_event,model_forecast
342,196.0,152.6521759033203,ramp_up,sale_event,model_forecast
343,197.0,152.65335083007812,ramp_up,sale_event,model_forecast
344,206.0,152.65452575683594,ramp_up,sale_event,model_forecast
345,208.0,152.65567016601562,ramp_up,sale_event,model_forecast
346,206.0,152.6568145751953,ramp_up,sale_event,model_forecast
347,220.0,152.65792846679688,ramp_up,sale_event,model_forecast
348,207.0,152.65904235839844,ramp_up,sale_event,model_forecast
349,205.0,152.66014099121094,ramp_up,sale_event,model_forecast
350,208.0,152.66123962402344,ramp_up,sale_event,model_forecast
351,222.0,152.66232299804688,ramp_up,sale_event,model_forecast
352,211.0,152.66339111328125,ramp_up,sale_event,model_forecast
353,218.0,152.66445922851562,ramp_up,sale_event,model_forecast
354,209.0,152.6654815673828,ramp_up,sale_event,model_forecast
355,220.0,152.66651916503906,ramp_up,sale_event,model_forecast
356,208.0,152.66754150390625,ramp_up,sale_event,model_forecast
357,209.0,152.66856384277344,ramp_up,sale_event,model_forecast
358,213.0,152.6695556640625,ramp_up,sale_event,model_forecast
359,213.0,152.67054748535156,ramp_up,sale_event,model_forecast
360,229.0,152.67152404785156,ramp_up,sale_event,model_forecast
361,228.0,152.6724853515625,ramp_up,sale_event,model_forecast
362,223.0,152.6734619140625,ramp_up,sale_event,model_forecast
363,225.0,152.6743927001953,ramp_up,sale_event,model_forecast
364,227.0,152.6753387451172,ramp_up,sale_event,model_forecast
365,213.0,152.67626953125,ramp_up,sale_event,model_forecast
366,231.0,152.67718505859375,ramp_up,sale_event,model_forecast
367,223.0,152.6781005859375,ramp_up,sale_event,model_forecast
368,231.0,152.6790008544922,ramp_up,sale_event,model_forecast
369,217.0,152.6798858642578,ramp_up,sale_event,model_forecast
370,227.0,152.68077087402344,ramp_up,sale_event,model_forecast
371,227.0,152.681640625,ramp_up,sale_event,model_forecast
372,229.0,152.68251037597656,ramp_up,sale_event,model_forecast
373,223.0,152.683349609375,ramp_up,sale_event,model_forecast
374,232.0,152.6842041015625,ramp_up,sale_event,model_forecast
375,238.0,152.68504333496094,ramp_up,sale_event,model_forecast
376,241.0,152.6858673095703,ramp_up,sale_event,model_forecast
377,226.0,152.6866912841797,ramp_up,sale_event,model_forecast
378,223.0,152.68748474121094,ramp_up,sale_event,model_forecast
379,241.0,152.68829345703125,ramp_up,sale_event,model_forecast
380,240.0,152.6890869140625,ramp_up,sale_event,model_forecast
381,245.0,152.6898651123047,ramp_up,sale_event,model_forecast
382,240.0,152.69064331054688,ramp_up,sale_event,model_forecast
383,245.0,152.69140625,ramp_up,sale_event,model_forecast
384,233.0,152.69216918945312,ramp_up,sale_event,model_forecast
385,237.0,152.6929168701172,ramp_up,sale_event,model_forecast
386,246.0,152.69366455078125,ramp_up,sale_event,model_forecast
387,240.0,152.69439697265625,ramp_up,sale_event,model_forecast
388,238.0,152.69512939453125,ramp_up,sale_event,model_forecast
389,249.0,152.6958465576172,ramp_up,sale_event,model_forecast
390,244.0,152.69656372070312,ramp_up,sale_event,model_forecast
391,242.0,152.697265625,ramp_up,sale_event,model_forecast
392,235.0,152.69796752929688,ramp_up,sale_event,model_forecast
393,244.0,152.69863891601562,ramp_up,sale_event,model_forecast
394,244.0,152.69932556152344,ramp_up,sale_event,model_forecast
395,255.0,152.70001220703125,ramp_up,sale_event,model_forecast
396,241.0,152.70068359375,ramp_up,sale_event,model_forecast
397,249.0,152.7013397216797,ramp_up,sale_event,model_forecast
398,249.0,152.70199584960938,ramp_up,sale_event,model_forecast
399,250.0,152.70265197753906,ramp_up,sale_event,model_forecast
400,251.0,152.70327758789062,ramp_up,sale_event,model_forecast
401,569.0,152.70391845703125,peak,sale_event,model_forecast
402,682.0,152.7045440673828,peak,sale_event,model_forecast
403,536.0,152.70516967773438,peak,sale_event,model_forecast
404,514.0,152.70578002929688,peak,sale_event,model_forecast
405,661.0,152.70639038085938,peak,sale_event,model_forecast
406,526.0,152.70700073242188,peak,sale_event,model_forecast
407,658.0,152.70758056640625,peak,sale_event,model_forecast
408,682.0,152.7081756591797,peak,sale_event,model_forecast
409,590.0,152.70875549316406,peak,sale_event,model_forecast
410,645.0,152.70933532714844,peak,sale_event,model_forecast
411,581.0,152.70989990234375,peak,sale_event,model_forecast
412,500.0,152.71044921875,peak,sale_event,model_forecast
413,694.0,152.7110137939453,peak,sale_event,model_forecast
414,516.0,152.71156311035156,peak,sale_event,model_forecast
415,606.0,152.7121124267578,peak,sale_event,model_forecast
416,550.0,152.712646484375,peak,sale_event,model_forecast
417,663.0,152.71319580078125,peak,sale_event,model_forecast
418,532.0,152.71371459960938,peak,sale_event,model_forecast
419,600.0,152.7142333984375,peak,sale_event,model_forecast
420,541.0,152.71475219726562,peak,sale_event,model_forecast
421,644.0,152.71527099609375,peak,sale_event,model_forecast
422,512.0,152.7157745361328,peak,sale_event,model_forecast
423,532.0,152.71627807617188,peak,sale_event,model_forecast
424,642.0,152.71678161621094,peak,sale_event,model_forecast
425,570.0,152.71725463867188,peak,sale_event,model_forecast
426,574.0,152.71774291992188,peak,sale_event,model_forecast
427,530.0,152.71823120117188,peak,sale_event,model_forecast
428,545.0,152.7187042236328,peak,sale_event,model_forecast
429,655.0,152.7191619873047,peak,sale_event,model_forecast
430,515.0,152.71963500976562,peak,sale_event,model_forecast
431,511.0,152.7200927734375,peak,sale_event,model_forecast
432,684.0,152.72055053710938,peak,sale_event,model_forecast
433,540.0,152.72100830078125,peak,sale_event,model_forecast
434,617.0,152.72145080566406,peak,sale_event,model_forecast
435,600.0,152.72189331054688,peak,sale_event,model_forecast
436,588.0,152.7223358154297,peak,sale_event,model_forecast
437,531.0,152.72276306152344,peak,sale_event,model_forecast
438,665.0,152.72317504882812,peak,sale_event,model_forecast
439,619.0,152.72361755371094,peak,sale_event,model_forecast
440,611.0,152.72402954101562,peak,sale_event,model_forecast
441,603.0,152.7244415283203,peak,sale_event,model_forecast
442,550.0,152.724853515625,peak,sale_event,model_forecast
443,557.0,152.72525024414062,peak,sale_event,model_forecast
444,671.0,152.72564697265625,peak,sale_event,model_forecast
445,584.0,152.72604370117188,peak,sale_event,model_forecast
446,626.0,152.7264404296875,peak,sale_event,model_forecast
447,642.0,152.72682189941406,peak,sale_event,model_forecast
448,693.0,152.72720336914062,peak,sale_event,model_forecast
449,558.0,152.7275848388672,peak,sale_event,model_forecast
450,635.0,152.7279510498047,peak,sale_event,model_forecast
451,576.0,152.72833251953125,peak,sale_event,model_forecast
452,603.0,152.72869873046875,peak,sale_event,model_forecast
453,580.0,152.72906494140625,peak,sale_event,model_forecast
454,621.0,152.72943115234375,peak,sale_event,model_forecast
455,592.0,152.7297821044922,peak,sale_event,model_forecast
456,648.0,152.73013305664062,peak,sale_event,model_forecast
457,672.0,152.73048400878906,peak,sale_event,model_forecast
458,601.0,152.7308349609375,peak,sale_event,model_forecast
459,647.0,152.73117065429688,peak,sale_event,model_forecast
460,572.0,152.73150634765625,peak,sale_event,model_forecast
461,657.0,152.73184204101562,peak,sale_event,model_forecast
462,694.0,152.732177734375,peak,sale_event,model_forecast
463,655.0,152.7324981689453,peak,sale_event,model_forecast
464,565.0,152.7328338623047,peak,sale_event,model_forecast
465,685.0,152.73313903808594,peak,sale_event,model_forecast
466,579.0,152.73345947265625,peak,sale_event,model_forecast
467,522.0,152.7337646484375,peak,sale_event,model_forecast
468,666.0,152.7340850830078,peak,sale_event,model_forecast
469,623.0,152.734375,peak,sale_event,model_forecast
470,517.0,152.73468017578125,peak,sale_event,model_forecast
471,692.0,152.73500061035156,peak,sale_event,model_forecast
472,645.0,152.73529052734375,peak,sale_event,model_forecast
473,692.0,152.735595703125,peak,sale_event,model_forecast
474,571.0,152.73587036132812,peak,sale_event,model_forecast
475,681.0,152.7361602783203,peak,sale_event,model_forecast
476,679.0,152.7364501953125,peak,sale_event,model_forecast
477,517.0,152.7367401123047,peak,sale_event,model_forecast
478,544.0,152.7370147705078,peak,sale_event,model_forecast
479,673.0,152.73727416992188,peak,sale_event,model_forecast
480,623.0,152.73756408691406,peak,sale_event,model_forecast
481,625.0,152.73782348632812,peak,sale_event,model_forecast
482,633.0,152.73809814453125,peak,sale_event,model_forecast
483,688.0,152.7383575439453,peak,sale_event,model_forecast
484,631.0,152.73861694335938,peak,sale_event,model_forecast
485,680.0,152.73887634277344,peak,sale_event,model_forecast
486,504.0,152.7391357421875,peak,sale_event,model_forecast
487,634.0,152.7393798828125,peak,sale_event,model_forecast
488,555.0,152.7396240234375,peak,sale_event,model_forecast
489,539.0,152.73988342285156,peak,sale_event,model_forecast
490,681.0,152.74012756347656,peak,sale_event,model_forecast
491,643.0,152.74037170410156,peak,sale_event,model_forecast
492,508.0,152.74061584472656,peak,sale_event,model_forecast
493,642.0,152.74085998535156,peak,sale_event,model_forecast
494,511.0,152.7410888671875,peak,sale_event,model_forecast
495,686.0,152.74130249023438,peak,sale_event,model_forecast
496,667.0,152.74154663085938,peak,sale_event,model_forecast
497,604.0,152.74176025390625,peak,sale_event,model_forecast
498,691.0,152.74200439453125,peak,sale_event,model_forecast
499,510.0,152.74221801757812,peak,sale_event,model_forecast
500,523.0,152.742431640625,peak,sale_event,model_forecast
501,585.0,152.74266052246094,peak,sale_event,model_forecast
502,573.0,152.7428741455078,peak,sale_event,model_forecast
503,557.0,152.7430877685547,peak,sale_event,model_forecast
504,534.0,152.74330139160156,peak,sale_event,model_forecast
505,505.0,152.74351501464844,peak,sale_event,model_forecast
506,580.0,152.74371337890625,peak,sale_event,model_forecast
507,648.0,152.74391174316406,peak,sale_event,model_forecast
508,695.0,152.74412536621094,peak,sale_event,model_forecast
509,581.0,152.74432373046875,peak,sale_event,model_forecast
510,661.0,152.74452209472656,peak,sale_event,model_forecast
511,668.0,152.74472045898438,peak,sale_event,model_forecast
512,601.0,152.74490356445312,peak,sale_event,model_forecast
513,517.0,152.7451171875,peak,sale_event,model_forecast
514,520.0,152.7452850341797,peak,sale_event,model_forecast
515,695.0,152.7454833984375,peak,sale_event,model_forecast
516,644.0,152.7456817626953,peak,sale_event,model_forecast
517,669.0,152.74586486816406,peak,sale_event,model_forecast
518,602.0,152.7460479736328,peak,sale_event,model_forecast
519,670.0,152.74623107910156,peak,sale_event,model_forecast
520,648.0,152.7464141845703,peak,sale_event,model_forecast
521,619.0,152.74658203125,peak,sale_event,model_forecast
522,547.0,152.74676513671875,peak,sale_event,model_forecast
523,504.0,152.74693298339844,peak,sale_event,model_forecast
524,684.0,152.74710083007812,peak,sale_event,model_forecast
525,551.0,152.7472686767578,peak,sale_event,model_forecast
526,633.0,152.7474365234375,peak,sale_event,model_forecast
527,640.0,152.7476043701172,peak,sale_event,model_forecast
528,551.0,152.74777221679688,peak,sale_event,model_forecast
529,550.0,152.74794006347656,peak,sale_event,model_forecast
530,543.0,152.7480926513672,peak,sale_event,model_forecast
531,595.0,152.74826049804688,peak,sale_event,model_forecast
532,515.0,152.7484130859375,peak,sale_event,model_forecast
533,627.0,152.74856567382812,peak,sale_event,model_forecast
534,656.0,152.7487335205078,peak,sale_event,model_forecast
535,685.0,152.74887084960938,peak,sale_event,model_forecast
536,669.0,152.7490234375,peak,sale_event,model_forecast
537,612.0,152.74917602539062,peak,sale_event,model_forecast
538,503.0,152.74932861328125,peak,sale_event,model_forecast
539,558.0,152.74948120117188,peak,sale_event,model_forecast
540,665.0,152.74961853027344,peak,sale_event,model_forecast
541,695.0,152.749755859375,peak,sale_event,model_forecast
542,610.0,152.74989318847656,peak,sale_event,model_forecast
543,511.0,152.7500457763672,peak,sale_event,model_forecast
544,565.0,152.7501678466797,peak,sale_event,model_forecast
545,646.0,152.75030517578125,peak,sale_event,model_forecast
546,619.0,152.7504425048828,peak,sale_event,model_forecast
547,623.0,152.75057983398438,peak,sale_event,model_forecast
548,582.0,152.75071716308594,peak,sale_event,model_forecast
549,624.0,152.7508544921875,peak,sale_event,model_forecast
550,645.0,152.7509765625,peak,sale_event,model_forecast
551,620.0,152.75111389160156,peak,sale_event,model_forecast
552,565.0,152.75123596191406,peak,sale_event,model_forecast
553,529.0,152.75135803222656,peak,sale_event,model_forecast
554,518.0,152.75148010253906,peak,sale_event,model_forecast
555,511.0,152.75161743164062,peak,sale_event,model_forecast
556,644.0,152.75173950195312,peak,sale_event,model_forecast
557,530.0,152.75184631347656,peak,sale_event,model_forecast
558,531.0,152.75196838378906,peak,sale_event,model_forecast
559,663.0,152.75209045410156,peak,sale_event,model_forecast
560,563.0,152.752197265625,peak,sale_event,model_forecast
561,552.0,152.7523193359375,peak,sale_event,model_forecast
562,626.0,152.75242614746094,peak,sale_event,model_forecast
563,694.0,152.75254821777344,peak,sale_event,model_forecast
564,504.0,152.75267028808594,peak,sale_event,model_forecast
565,532.0,152.7527618408203,peak,sale_event,model_forecast
566,690.0,152.75286865234375,peak,sale_event,model_forecast
567,617.0,152.75299072265625,peak,sale_event,model_forecast
568,582.0,152.7530975341797,peak,sale_event,model_forecast
569,640.0,152.75320434570312,peak,sale_event,model_forecast
570,662.0,152.7532958984375,peak,sale_event,model_forecast
571,673.0,152.75340270996094,peak,sale_event,model_forecast
572,510.0,152.75350952148438,peak,sale_event,model_forecast
573,667.0,152.7536163330078,peak,sale_event,model_forecast
574,501.0,152.75372314453125,peak,sale_event,model_forecast
575,676.0,152.75381469726562,peak,sale_event,model_forecast
576,617.0,152.75390625,peak,sale_event,model_forecast
577,584.0,152.75401306152344,peak,sale_event,model_forecast
578,697.0,152.75411987304688,peak,sale_event,model_forecast
579,624.0,152.75421142578125,peak,sale_event,model_forecast
580,684.0,152.75430297851562,peak,sale_event,model_forecast
581,693.0,152.75439453125,peak,sale_event,model_forecast
582,593.0,152.75448608398438,peak,sale_event,model_forecast
583,569.0,152.75457763671875,peak,sale_event,model_forecast
584,696.0,152.75466918945312,peak,sale_event,model_forecast
585,646.0,152.75477600097656,peak,sale_event,model_forecast
586,700.0,152.75485229492188,peak,sale_event,model_forecast
587,676.0,152.75494384765625,peak,sale_event,model_forecast
588,530.0,152.75502014160156,peak,sale_event,model_forecast
589,693.0,152.75511169433594,peak,sale_event,model_forecast
590,515.0,152.75518798828125,peak,sale_event,model_forecast
591,579.0,152.75527954101562,peak,sale_event,model_forecast
592,651.0,152.75535583496094,peak,sale_event,model_forecast
593,646.0,152.75543212890625,peak,sale_event,model_forecast
594,533.0,152.75552368164062,peak,sale_event,model_forecast
595,569.0,152.755615234375,peak,sale_event,model_forecast
596,647.0,152.7556915283203,peak,sale_event,model_forecast
597,574.0,152.75576782226562,peak,sale_event,model_forecast
598,538.0,152.75584411621094,peak,sale_event,model_forecast
599,609.0,152.75592041015625,peak,sale_event,model_forecast
600,629.0,152.7559814453125,peak,sale_event,model_forecast
601,607.0,152.75607299804688,peak,sale_event,model_forecast
602,610.0,152.7561492919922,peak,sale_event,model_forecast
603,533.0,152.75621032714844,peak,sale_event,model_forecast
604,639.0,152.75628662109375,peak,sale_event,model_forecast
605,553.0,152.75636291503906,peak,sale_event,model_forecast
606,671.0,152.75643920898438,peak,sale_event,model_forecast
607,659.0,152.75650024414062,peak,sale_event,model_forecast
608,660.0,152.75657653808594,peak,sale_event,model_forecast
609,615.0,152.75665283203125,peak,sale_event,model_forecast
610,598.0,152.7567138671875,peak,sale_event,model_forecast
611,627.0,152.7567901611328,peak,sale_event,model_forecast
612,654.0,152.75685119628906,peak,sale_event,model_forecast
613,588.0,152.7569122314453,peak,sale_event,model_forecast
614,656.0,152.75698852539062,peak,sale_event,model_forecast
615,578.0,152.75704956054688,peak,sale_event,model_forecast
616,692.0,152.75711059570312,peak,sale_event,model_forecast
617,630.0,152.75717163085938,peak,sale_event,model_forecast
618,549.0,152.75723266601562,peak,sale_event,model_forecast
619,604.0,152.75729370117188,peak,sale_event,model_forecast
620,662.0,152.75735473632812,peak,sale_event,model_forecast
621,668.0,152.75741577148438,peak,sale_event,model_forecast
622,666.0,152.75747680664062,peak,sale_event,model_forecast
623,545.0,152.75753784179688,peak,sale_event,model_forecast
624,657.0,152.75759887695312,peak,sale_event,model_forecast
625,650.0,152.75765991210938,peak,sale_event,model_forecast
626,558.0,152.75772094726562,peak,sale_event,model_forecast
627,504.0,152.7577667236328,peak,sale_event,model_forecast
628,617.0,152.75782775878906,peak,sale_event,model_forecast
629,670.0,152.7578887939453,peak,sale_event,model_forecast
630,619.0,152.7579345703125,peak,sale_event,model_forecast
631,523.0,152.75799560546875,peak,sale_event,model_forecast
632,573.0,152.75804138183594,peak,sale_event,model_forecast
633,629.0,152.7581024169922,peak,sale_event,model_forecast
634,671.0,152.75814819335938,peak,sale_event,model_forecast
635,620.0,152.75819396972656,peak,sale_event,model_forecast
636,555.0,152.7582550048828,peak,sale_event,model_forecast
637,546.0,152.75830078125,peak,sale_event,model_forecast
638,503.0,152.7583465576172,peak,sale_event,model_forecast
639,638.0,152.75840759277344,peak,sale_event,model_forecast
640,605.0,152.75845336914062,peak,sale_event,model_forecast
641,622.0,152.7584991455078,peak,sale_event,model_forecast
642,579.0,152.758544921875,peak,sale_event,model_forecast
643,587.0,152.7585906982422,peak,sale_event,model_forecast
644,500.0,152.75863647460938,peak,sale_event,model_forecast
645,512.0,152.75869750976562,peak,sale_event,model_forecast
646,511.0,152.7587432861328,peak,sale_event,model_forecast
647,530.0,152.75877380371094,peak,sale_event,model_forecast
648,500.0,152.75881958007812,peak,sale_event,model_forecast
649,659.0,152.7588653564453,peak,sale_event,model_forecast
650,615.0,152.7589111328125,peak,sale_event,model_forecast
651,611.0,152.7589569091797,peak,sale_event,model_forecast
652,697.0,152.7589874267578,peak,sale_event,model_forecast
653,532.0,152.759033203125,peak,sale_event,model_forecast
654,605.0,152.7590789794922,peak,sale_event,model_forecast
655,695.0,152.75912475585938,peak,sale_event,model_forecast
656,519.0,152.7591552734375,peak,sale_event,model_forecast
657,512.0,152.7592010498047,peak,sale_event,model_forecast
658,676.0,152.75924682617188,peak,sale_event,model_forecast
659,582.0,152.75929260253906,peak,sale_event,model_forecast
660,694.0,152.75933837890625,peak,sale_event,model_forecast
661,695.0,152.75938415527344,peak,sale_event,model_forecast
662,570.0,152.75941467285156,peak,sale_event,model_forecast
663,642.0,152.75946044921875,peak,sale_event,model_forecast
664,632.0,152.75949096679688,peak,sale_event,model_forecast
665,689.0,152.759521484375,peak,sale_event,model_forecast
666,693.0,152.7595672607422,peak,sale_event,model_forecast
667,588.0,152.7595977783203,peak,sale_event,model_forecast
668,642.0,152.75962829589844,peak,sale_event,model_forecast
669,515.0,152.75967407226562,peak,sale_event,model_forecast
670,691.0,152.75970458984375,peak,sale_event,model_forecast
671,657.0,152.75973510742188,peak,sale_event,model_forecast
672,594.0,152.75978088378906,peak,sale_event,model_forecast
673,521.0,152.7598114013672,peak,sale_event,model_forecast
674,526.0,152.7598419189453,peak,sale_event,model_forecast
675,628.0,152.7598876953125,peak,sale_event,model_forecast
676,636.0,152.75991821289062,peak,sale_event,model_forecast
677,552.0,152.75994873046875,peak,sale_event,model_forecast
678,586.0,152.75997924804688,peak,sale_event,model_forecast
679,640.0,152.760009765625,peak,sale_event,model_forecast
680,674.0,152.76004028320312,peak,sale_event,model_forecast
681,619.0,152.76007080078125,peak,sale_event,model_forecast
682,599.0,152.76011657714844,peak,sale_event,model_forecast
683,642.0,152.7601318359375,peak,sale_event,model_forecast
684,698.0,152.76016235351562,peak,sale_event,model_forecast
685,667.0,152.76019287109375,peak,sale_event,model_forecast
686,648.0,152.76022338867188,peak,sale_event,model_forecast
687,618.0,152.76025390625,peak,sale_event,model_forecast
688,577.0,152.76028442382812,peak,sale_event,model_forecast
689,588.0,152.76031494140625,peak,sale_event,model_forecast
690,661.0,152.76034545898438,peak,sale_event,model_forecast
691,682.0,152.7603759765625,peak,sale_event,model_forecast
692,503.0,152.76039123535156,peak,sale_event,model_forecast
693,640.0,152.7604217529297,peak,sale_event,model_forecast
694,517.0,152.76046752929688,peak,sale_event,model_forecast
695,630.0,152.76048278808594,peak,sale_event,model_forecast
696,644.0,152.76051330566406,peak,sale_event,model_forecast
697,666.0,152.7605438232422,peak,sale_event,model_forecast
698,688.0,152.76055908203125,peak,sale_event,model_forecast
699,555.0,152.76058959960938,peak,sale_event,model_forecast
700,529.0,152.76060485839844,peak,sale_event,model_forecast
701,484.0,152.76065063476562,cool_down,sale_event,model_forecast
702,508.0,152.7606658935547,cool_down,sale_event,model_forecast
703,504.0,152.7606964111328,cool_down,sale_event,model_forecast
704,498.0,152.76071166992188,cool_down,sale_event,model_forecast
705,491.0,152.7607421875,cool_down,sale_event,model_forecast
706,481.0,152.76077270507812,cool_down,sale_event,model_forecast
707,484.0,152.7607879638672,cool_down,sale_event,model_forecast
708,490.0,152.7608184814453,cool_down,sale_event,model_forecast
709,466.0,152.76083374023438,cool_down,sale_event,model_forecast
710,478.0,152.7608642578125,cool_down,sale_event,model_forecast
711,484.0,152.76087951660156,cool_down,sale_event,model_forecast
712,461.0,152.7609100341797,cool_down,sale_event,model_forecast
713,461.0,152.76092529296875,cool_down,sale_event,model_forecast
714,496.0,152.76095581054688,cool_down,sale_event,model_forecast
715,473.0,152.76097106933594,cool_down,sale_event,model_forecast
716,462.0,152.76100158691406,cool_down,sale_event,model_forecast
717,490.0,152.76101684570312,cool_down,sale_event,model_forecast
718,477.0,152.76104736328125,cool_down,sale_event,model_forecast
719,464.0,152.7610626220703,cool_down,sale_event,model_forecast
720,467.0,152.76107788085938,cool_down,sale_event,model_forecast
721,480.0,152.7611083984375,cool_down,sale_event,model_forecast
722,476.0,152.76112365722656,cool_down,sale_event,model_forecast
723,442.0,152.76113891601562,cool_down,sale_event,model_forecast
724,461.0,152.76116943359375,cool_down,sale_event,model_forecast
725,465.0,152.7611846923828,cool_down,sale_event,model_forecast
726,445.0,152.76119995117188,cool_down,sale_event,model_forecast
727,472.0,152.76123046875,cool_down,sale_event,model_forecast
728,450.0,152.76126098632812,cool_down,sale_event,model_forecast
729,454.0,152.76126098632812,cool_down,sale_event,model_forecast
730,460.0,152.76129150390625,cool_down,sale_event,model_forecast
731,450.0,152.7613067626953,cool_down,sale_event,model_forecast
732,450.0,152.76132202148438,cool_down,sale_event,model_forecast
733,448.0,152.76133728027344,cool_down,sale_event,model_forecast
734,442.0,152.76136779785156,cool_down,sale_event,model_forecast
735,436.0,152.76136779785156,cool_down,sale_event,model_forecast
736,426.0,152.7613983154297,cool_down,sale_event,model_forecast
737,428.0,152.76141357421875,cool_down,sale_event,model_forecast
738,428.0,152.7614288330078,cool_down,sale_event,model_forecast
739,421.0,152.76144409179688,cool_down,sale_event,model_forecast
740,444.0,152.76145935058594,cool_down,sale_event,model_forecast
741,449.0,152.761474609375,cool_down,sale_event,model_forecast
742,423.0,152.76148986816406,cool_down,sale_event,model_forecast
743,432.0,152.7615203857422,cool_down,sale_event,model_forecast
744,444.0,152.76153564453125,cool_down,sale_event,model_forecast
745,403.0,152.7615509033203,cool_down,sale_event,model_forecast
746,417.0,152.76156616210938,cool_down,sale_event,model_forecast
747,436.0,152.76158142089844,cool_down,sale_event,model_forecast
748,423.0,152.7615966796875,cool_down,sale_event,model_forecast
749,431.0,152.76161193847656,cool_down,sale_event,model_forecast
750,403.0,152.76162719726562,cool_down,sale_event,model_forecast
751,432.0,152.7616424560547,cool_down,sale_event,model_forecast
752,401.0,152.76165771484375,cool_down,sale_event,model_forecast
753,414.0,152.7616729736328,cool_down,sale_event,model_forecast
754,403.0,152.76168823242188,cool_down,sale_event,model_forecast
755,423.0,152.76170349121094,cool_down,sale_event,model_forecast
756,398.0,152.76171875,cool_down,sale_event,model_forecast
757,403.0,152.76171875,cool_down,sale_event,model_forecast
758,398.0,152.76174926757812,cool_down,sale_event,model_forecast
759,396.0,152.76174926757812,cool_down,sale_event,model_forecast
760,390.0,152.76177978515625,cool_down,sale_event,model_forecast
761,395.0,152.7617950439453,cool_down,sale_event,model_forecast
762,386.0,152.7617950439453,cool_down,sale_event,model_forecast
763,378.0,152.76181030273438,cool_down,sale_event,model_forecast
764,396.0,152.76182556152344,cool_down,sale_event,model_forecast
765,398.0,152.7618408203125,cool_down,sale_event,model_forecast
766,366.0,152.7618408203125,cool_down,sale_event,model_forecast
767,387.0,152.76187133789062,cool_down,sale_event,model_forecast
768,383.0,152.76187133789062,cool_down,sale_event,model_forecast
769,383.0,152.7618865966797,cool_down,sale_event,model_forecast
770,367.0,152.7619171142578,cool_down,sale_event,model_forecast
771,394.0,152.7619171142578,cool_down,sale_event,model_forecast
772,383.0,152.76193237304688,cool_down,sale_event,model_forecast
773,371.0,152.76193237304688,cool_down,sale_event,model_forecast
774,357.0,152.76194763183594,cool_down,sale_event,model_forecast
775,358.0,152.761962890625,cool_down,sale_event,model_forecast
776,382.0,152.76197814941406,cool_down,sale_event,model_forecast
777,353.0,152.76197814941406,cool_down,sale_event,model_forecast
778,380.0,152.7620086669922,cool_down,sale_event,model_forecast
779,358.0,152.7620086669922,cool_down,sale_event,model_forecast
780,366.0,152.76202392578125,cool_down,sale_event,model_forecast
781,350.0,152.7620391845703,cool_down,sale_event,model_forecast
782,368.0,152.76205444335938,cool_down,sale_event,model_forecast
783,358.0,152.76206970214844,cool_down,sale_event,model_forecast
784,347.0,152.76206970214844,cool_down,sale_event,model_forecast
785,361.0,152.7620849609375,cool_down,sale_event,model_forecast
786,370.0,152.76210021972656,cool_down,sale_event,model_forecast
787,367.0,152.76210021972656,cool_down,sale_event,model_forecast
788,356.0,152.76211547851562,cool_down,sale_event,model_forecast
789,331.0,152.7621307373047,cool_down,sale_event,model_forecast
790,340.0,152.7621307373047,cool_down,sale_event,model_forecast
791,336.0,152.76214599609375,cool_down,sale_event,model_forecast
792,345.0,152.76214599609375,cool_down,sale_event,model_forecast
793,342.0,152.7621612548828,cool_down,sale_event,model_forecast
794,327.0,152.76217651367188,cool_down,sale_event,model_forecast
795,316.0,152.76217651367188,cool_down,sale_event,model_forecast
796,335.0,152.76219177246094,cool_down,sale_event,model_forecast
797,326.0,152.76220703125,cool_down,sale_event,model_forecast
798,310.0,152.76222229003906,cool_down,sale_event,model_forecast
799,320.0,152.76222229003906,cool_down,sale_event,model_forecast
800,315.0,152.76223754882812,cool_down,sale_event,model_forecast
801,324.0,152.76223754882812,cool_down,sale_event,model_forecast
802,326.0,152.7622528076172,cool_down,sale_event,model_forecast
803,318.0,152.76226806640625,cool_down,sale_event,model_forecast
804,298.0,152.76226806640625,cool_down,sale_event,model_forecast
805,335.0,152.7622833251953,cool_down,sale_event,model_forecast
806,325.0,152.7622833251953,cool_down,sale_event,model_forecast
807,304.0,152.76229858398438,cool_down,sale_event,model_forecast
808,314.0,152.76231384277344,cool_down,sale_event,model_forecast
809,302.0,152.76231384277344,cool_down,sale_event,model_forecast
810,300.0,152.76231384277344,cool_down,sale_event,model_forecast
811,308.0,152.7623291015625,cool_down,sale_event,model_forecast
812,324.0,152.7623291015625,cool_down,sale_event,model_forecast
813,313.0,152.76234436035156,cool_down,sale_event,model_forecast
814,308.0,152.76234436035156,cool_down,sale_event,model_forecast
815,291.0,152.76235961914062,cool_down,sale_event,model_forecast
816,278.0,152.76235961914062,cool_down,sale_event,model_forecast
817,315.0,152.7623748779297,cool_down,sale_event,model_forecast
818,286.0,152.76239013671875,cool_down,sale_event,model_forecast
819,272.0,152.76239013671875,cool_down,sale_event,model_forecast
820,303.0,152.7624053955078,cool_down,sale_event,model_forecast
821,280.0,152.7624053955078,cool_down,sale_event,model_forecast
822,269.0,152.76242065429688,cool_down,sale_event,model_forecast
823,297.0,152.76242065429688,cool_down,sale_event,model_forecast
824,285.0,152.76242065429688,cool_down,sale_event,model_forecast
825,267.0,152.76242065429688,cool_down,sale_event,model_forecast
826,295.0,152.76243591308594,cool_down,sale_event,model_forecast
827,294.0,152.76243591308594,cool_down,sale_event,model_forecast
828,274.0,152.762451171875,cool_down,sale_event,model_forecast
829,262.0,152.76246643066406,cool_down,sale_event,model_forecast
830,279.0,152.76246643066406,cool_down,sale_event,model_forecast
831,280.0,152.76248168945312,cool_down,sale_event,model_forecast
832,277.0,152.76248168945312,cool_down,sale_event,model_forecast
833,285.0,152.7624969482422,cool_down,sale_event,model_forecast
834,260.0,152.7624969482422,cool_down,sale_event,model_forecast
835,244.0,152.7624969482422,cool_down,sale_event,model_forecast
836,253.0,152.7624969482422,cool_down,sale_event,model_forecast
837,271.0,152.76251220703125,cool_down,sale_event,model_forecast
838,277.0,152.76251220703125,cool_down,sale_event,model_forecast
839,251.0,152.76251220703125,cool_down,sale_event,model_forecast
840,258.0,152.7625274658203,cool_down,sale_event,model_forecast
841,234.0,152.7625274658203,cool_down,sale_event,model_forecast
842,261.0,152.76254272460938,cool_down,sale_event,model_forecast
843,270.0,152.76254272460938,cool_down,sale_event,model_forecast
844,238.0,152.76255798339844,cool_down,sale_event,model_forecast
845,255.0,152.76255798339844,cool_down,sale_event,model_forecast
846,230.0,152.7625732421875,cool_down,sale_event,model_forecast
847,225.0,152.7625732421875,cool_down,sale_event,model_forecast
848,229.0,152.7625732421875,cool_down,sale_event,model_forecast
849,223.0,152.76258850097656,cool_down,sale_event,model_forecast
850,251.0,152.76260375976562,cool_down,sale_event,model_forecast
851,236.0,152.76260375976562,cool_down,sale_event,model_forecast
852,220.0,152.7626190185547,cool_down,sale_event,model_forecast
853,246.0,152.7626190185547,cool_down,sale_event,model_forecast
854,236.0,152.7626190185547,cool_down,sale_event,model_forecast
855,212.0,152.7626190185547,cool_down,sale_event,model_forecast
856,229.0,152.7626190185547,cool_down,sale_event,model_forecast
857,222.0,152.76263427734375,cool_down,sale_event,model_forecast
858,242.0,152.76263427734375,cool_down,sale_event,model_forecast
859,208.0,152.76263427734375,cool_down,sale_event,model_forecast
860,229.0,152.7626495361328,cool_down,sale_event,model_forecast
861,234.0,152.7626495361328,cool_down,sale_event,model_forecast
862,217.0,152.7626495361328,cool_down,sale_event,model_forecast
863,213.0,152.76266479492188,cool_down,sale_event,model_forecast
864,217.0,152.76266479492188,cool_down,sale_event,model_forecast
865,221.0,152.76266479492188,cool_down,sale_event,model_forecast
866,200.0,152.76266479492188,cool_down,sale_event,model_forecast
867,201.0,152.76266479492188,cool_down,sale_event,model_forecast
868,196.0,152.76268005371094,cool_down,sale_event,model_forecast
869,211.0,152.76268005371094,cool_down,sale_event,model_forecast
870,219.0,152.76268005371094,cool_down,sale_event,model_forecast
871,217.0,152.7626953125,cool_down,sale_event,model_forecast
872,205.0,152.7626953125,cool_down,sale_event,model_forecast
873,182.0,152.7626953125,cool_down,sale_event,model_forecast
874,194.0,152.7626953125,cool_down,sale_event,model_forecast
875,207.0,152.76271057128906,cool_down,sale_event,model_forecast
876,183.0,152.76271057128906,cool_down,sale_event,model_forecast
877,176.0,152.76271057128906,cool_down,sale_event,model_forecast
878,178.0,152.76271057128906,cool_down,sale_event,model_forecast
879,185.0,152.76271057128906,cool_down,sale_event,model_forecast
880,169.0,152.76271057128906,cool_down,sale_event,model_forecast
881,183.0,152.76272583007812,cool_down,sale_event,model_forecast
882,197.0,152.76272583007812,cool_down,sale_event,model_forecast
883,189.0,152.76272583007812,cool_down,sale_event,model_forecast
884,186.0,152.76272583007812,cool_down,sale_event,model_forecast
885,172.0,152.7627410888672,cool_down,sale_event,model_forecast
886,189.0,152.7627410888672,cool_down,sale_event,model_forecast
887,180.0,152.7627410888672,cool_down,sale_event,model_forecast
888,154.0,152.7627410888672,cool_down,sale_event,model_forecast
889,178.0,152.7627410888672,cool_down,sale_event,model_forecast
890,147.0,152.7627410888672,cool_down,sale_event,model_forecast
891,156.0,152.76275634765625,cool_down,sale_event,model_forecast
892,159.0,152.76275634765625,cool_down,sale_event,model_forecast
893,177.0,152.76275634765625,cool_down,sale_event,model_forecast
894,177.0,152.76275634765625,cool_down,sale_event,model_forecast
895,157.0,152.76275634765625,cool_down,sale_event,model_forecast
896,150.0,152.7627716064453,cool_down,sale_event,model_forecast
897,140.0,152.7627716064453,cool_down,sale_event,model_forecast
898,157.0,152.76278686523438,cool_down,sale_event,model_forecast
899,152.0,152.76278686523438,cool_down,sale_event,model_forecast
900,132.0,152.76278686523438,cool_down,sale_event,model_forecast
901,97.0,152.76280212402344,stable,sale_event,model_forecast
902,102.0,152.76278686523438,stable,sale_event,model_forecast
903,102.0,152.76278686523438,stable,sale_event,model_forecast
904,103.0,152.76280212402344,stable,sale_event,model_forecast
905,95.0,152.76280212402344,stable,sale_event,model_forecast
906,102.0,152.76280212402344,stable,sale_event,model_forecast
907,90.0,152.76280212402344,stable,sale_event,model_forecast
908,110.0,152.76280212402344,stable,sale_event,model_forecast
909,109.0,152.76280212402344,stable,sale_event,model_forecast
910,106.0,152.76280212402344,stable,sale_event,model_forecast
911,101.0,152.76280212402344,stable,sale_event,model_forecast
912,107.0,152.76280212402344,stable,sale_event,model_forecast
913,109.0,152.76280212402344,stable,sale_event,model_forecast
914,96.0,152.7628173828125,stable,sale_event,model_forecast
915,98.0,152.7628173828125,stable,sale_event,model_forecast
916,107.0,152.7628173828125,stable,sale_event,model_forecast
917,102.0,152.7628173828125,stable,sale_event,model_forecast
918,92.0,152.76283264160156,stable,sale_event,model_forecast
919,104.0,152.76283264160156,stable,sale_event,model_forecast
920,101.0,152.76283264160156,stable,sale_event,model_forecast
921,109.0,152.76283264160156,stable,sale_event,model_forecast
922,93.0,152.76283264160156,stable,sale_event,model_forecast
923,103.0,152.76283264160156,stable,sale_event,model_forecast
924,93.0,152.76283264160156,stable,sale_event,model_forecast
925,95.0,152.76283264160156,stable,sale_event,model_forecast
926,92.0,152.76284790039062,stable,sale_event,model_forecast
927,107.0,152.76284790039062,stable,sale_event,model_forecast
928,108.0,152.76284790039062,stable,sale_event,model_forecast
929,90.0,152.76284790039062,stable,sale_event,model_forecast
930,93.0,152.76284790039062,stable,sale_event,model_forecast
931,97.0,152.76284790039062,stable,sale_event,model_forecast
932,107.0,152.76284790039062,stable,sale_event,model_forecast
933,99.0,152.76284790039062,stable,sale_event,model_forecast
934,92.0,152.76284790039062,stable,sale_event,model_forecast
935,104.0,152.76284790039062,stable,sale_event,model_forecast
936,105.0,152.76284790039062,stable,sale_event,model_forecast
937,102.0,152.76284790039062,stable,sale_event,model_forecast
938,92.0,152.76284790039062,stable,sale_event,model_forecast
939,101.0,152.76284790039062,stable,sale_event,model_forecast
940,92.0,152.76284790039062,stable,sale_event,model_forecast
941,91.0,152.76284790039062,stable,sale_event,model_forecast
942,108.0,152.76284790039062,stable,sale_event,model_forecast
943,96.0,152.76284790039062,stable,sale_event,model_forecast
944,94.0,152.76284790039062,stable,sale_event,model_forecast
945,97.0,152.76284790039062,stable,sale_event,model_forecast
946,92.0,152.76284790039062,stable,sale_event,model_forecast
947,100.0,152.76284790039062,stable,sale_event,model_forecast
948,98.0,152.76284790039062,stable,sale_event,model_forecast
949,95.0,152.76284790039062,stable,sale_event,model_forecast
950,109.0,152.76284790039062,stable,sale_event,model_forecast
951,95.0,152.76284790039062,stable,sale_event,model_forecast
952,107.0,152.76284790039062,stable,sale_event,model_forecast
953,108.0,152.76284790039062,stable,sale_event,model_forecast
954,110.0,152.76284790039062,stable,sale_event,model_forecast
955,92.0,152.76284790039062,stable,sale_event,model_forecast
956,110.0,152.76284790039062,stable,sale_event,model_forecast
957,107.0,152.76284790039062,stable,sale_event,model_forecast
958,107.0,152.76284790039062,stable,sale_event,model_forecast
959,101.0,152.76284790039062,stable,sale_event,model_forecast
960,96.0,152.76284790039062,stable,sale_event,model_forecast
961,107.0,152.76284790039062,stable,sale_event,model_forecast
962,100.0,152.76284790039062,stable,sale_event,model_forecast
963,109.0,152.76284790039062,stable,sale_event,model_forecast
964,95.0,152.76284790039062,stable,sale_event,model_forecast
965,95.0,152.76284790039062,stable,sale_event,model_forecast
966,97.0,152.76284790039062,stable,sale_event,model_forecast
967,95.0,152.76284790039062,stable,sale_event,model_forecast
968,108.0,152.76284790039062,stable,sale_event,model_forecast
969,108.0,152.76284790039062,stable,sale_event,model_forecast
970,104.0,152.76284790039062,stable,sale_event,model_forecast
971,109.0,152.76284790039062,stable,sale_event,model_forecast
972,99.0,152.76284790039062,stable,sale_event,model_forecast
973,107.0,152.76284790039062,stable,sale_event,model_forecast
974,100.0,152.76284790039062,stable,sale_event,model_forecast
975,107.0,152.76284790039062,stable,sale_event,model_forecast
976,109.0,152.76284790039062,stable,sale_event,model_forecast
977,90.0,152.76284790039062,stable,sale_event,model_forecast
978,90.0,152.76284790039062,stable,sale_event,model_forecast
979,94.0,152.76284790039062,stable,sale_event,model_forecast
980,105.0,152.76284790039062,stable,sale_event,model_forecast
981,100.0,152.76284790039062,stable,sale_event,model_forecast
982,105.0,152.76284790039062,stable,sale_event,model_forecast
983,99.0,152.76284790039062,stable,sale_event,model_forecast
984,91.0,152.76284790039062,stable,sale_event,model_forecast
985,106.0,152.76284790039062,stable,sale_event,model_forecast
986,92.0,152.76284790039062,stable,sale_event,model_forecast
987,101.0,152.76284790039062,stable,sale_event,model_forecast
988,109.0,152.76284790039062,stable,sale_event,model_forecast
989,106.0,152.76284790039062,stable,sale_event,model_forecast
990,97.0,152.76284790039062,stable,sale_event,model_forecast
991,103.0,152.76284790039062,stable,sale_event,model_forecast
992,106.0,152.76284790039062,stable,sale_event,model_forecast
993,96.0,152.76284790039062,stable,sale_event,model_forecast
994,103.0,152.76284790039062,stable,sale_event,model_forecast
995,99.0,152.76284790039062,stable,sale_event,model_forecast
996,95.0,152.76284790039062,stable,sale_event,model_forecast
997,97.0,152.76284790039062,stable,sale_event,model_forecast
998,104.0,152.76284790039062,stable,sale_event,model_forecast
999,97.0,152.76284790039062,stable,sale_event,model_forecast
1000,95.0,152.76284790039062,stable,sale_event,model_forecast
