time_sec,predicted_rps,planned_cpu,planned_replicas,phase,scenario,source
0,92.0,2.0,3,normal,sale_event,observed_history
1,86.0,2.0,3,normal,sale_event,observed_history
2,85.0,2.0,3,normal,sale_event,observed_history
3,91.0,2.0,3,normal,sale_event,observed_history
4,100.0,2.0,3,normal,sale_event,observed_history
5,85.0,2.0,3,normal,sale_event,observed_history
6,96.0,2.0,3,normal,sale_event,observed_history
7,99.0,2.0,3,normal,sale_event,observed_history
8,95.0,2.0,3,normal,sale_event,observed_history
9,80.0,2.0,3,normal,sale_event,observed_history
10,80.0,2.0,3,normal,sale_event,observed_history
11,100.0,2.0,3,normal,sale_event,observed_history
12,95.0,2.0,3,normal,sale_event,observed_history
13,86.0,2.0,3,normal,sale_event,observed_history
14,86.0,2.0,3,normal,sale_event,observed_history
15,87.0,2.0,3,normal,sale_event,observed_history
16,90.0,2.0,3,normal,sale_event,observed_history
17,99.0,2.0,3,normal,sale_event,observed_history
18,96.0,2.0,3,normal,sale_event,observed_history
19,80.0,2.0,3,normal,sale_event,observed_history
20,100.0,2.0,3,normal,sale_event,observed_history
21,89.0,2.0,3,normal,sale_event,observed_history
22,85.0,2.0,3,normal,sale_event,observed_history
23,97.0,2.0,3,normal,sale_event,observed_history
24,99.0,2.0,3,normal,sale_event,observed_history
25,89.0,2.0,3,normal,sale_event,observed_history
26,89.0,2.0,3,normal,sale_event,observed_history
27,94.0,2.0,3,normal,sale_event,observed_history
28,92.0,2.0,3,normal,sale_event,observed_history
29,80.0,2.0,3,normal,sale_event,observed_history
30,80.0,2.0,3,normal,sale_event,observed_history
31,100.0,2.0,3,normal,sale_event,observed_history
32,92.0,2.0,3,normal,sale_event,observed_history
33,97.0,2.0,3,normal,sale_event,observed_history
34,81.0,2.0,3,normal,sale_event,observed_history
35,100.0,2.0,3,normal,sale_event,observed_history
36,92.0,2.0,3,normal,sale_event,observed_history
37,89.0,2.0,3,normal,sale_event,observed_history
38,93.0,2.0,3,normal,sale_event,observed_history
39,87.0,2.0,3,normal,sale_event,observed_history
40,97.0,2.0,3,normal,sale_event,observed_history
41,82.0,2.0,3,normal,sale_event,observed_history
42,97.0,2.0,3,normal,sale_event,observed_history
43,97.0,2.0,3,normal,sale_event,observed_history
44,97.0,2.0,3,normal,sale_event,observed_history
45,83.0,2.0,3,normal,sale_event,observed_history
46,81.0,2.0,3,normal,sale_event,observed_history
47,92.0,2.0,3,normal,sale_event,observed_history
48,83.0,2.0,3,normal,sale_event,observed_history
49,98.0,2.0,3,normal,sale_event,observed_history
50,100.0,2.0,3,normal,sale_event,observed_history
51,98.0,2.0,3,normal,sale_event,observed_history
52,91.0,2.0,3,normal,sale_event,observed_history
53,91.0,2.0,3,normal,sale_event,observed_history
54,82.0,2.0,3,normal,sale_event,observed_history
55,87.0,2.0,3,normal,sale_event,observed_history
56,94.0,2.0,3,normal,sale_event,observed_history
57,84.0,2.0,3,normal,sale_event,observed_history
58,91.0,2.0,3,normal,sale_event,observed_history
59,94.0,2.0,3,normal,sale_event,observed_history
60,83.0,2.0,3,normal,sale_event,observed_history
61,80.0,2.0,3,normal,sale_event,observed_history
62,91.0,2.0,3,normal,sale_event,observed_history
63,88.0,2.0,3,normal,sale_event,observed_history
64,87.0,2.0,3,normal,sale_event,observed_history
65,92.0,2.0,3,normal,sale_event,observed_history
66,97.0,2.0,3,normal,sale_event,observed_history
67,96.0,2.0,3,normal,sale_event,observed_history
68,88.0,2.0,3,normal,sale_event,observed_history
69,90.0,2.0,3,normal,sale_event,observed_history
70,88.0,2.0,3,normal,sale_event,observed_history
71,99.0,2.0,3,normal,sale_event,observed_history
72,95.0,2.0,3,normal,sale_event,observed_history
73,97.0,2.0,3,normal,sale_event,observed_history
74,80.0,2.0,3,normal,sale_event,observed_history
75,86.0,2.0,3,normal,sale_event,observed_history
76,96.0,2.0,3,normal,sale_event,observed_history
77,93.0,2.0,3,normal,sale_event,observed_history
78,100.0,2.0,3,normal,sale_event,observed_history
79,87.0,2.0,3,normal,sale_event,observed_history
80,88.0,2.0,3,normal,sale_event,observed_history
81,93.0,2.0,3,normal,sale_event,observed_history
82,84.0,2.0,3,normal,sale_event,observed_history
83,81.0,2.0,3,normal,sale_event,observed_history
84,84.0,2.0,3,normal,sale_event,observed_history
85,80.0,2.0,3,normal,sale_event,observed_history
86,94.0,2.0,3,normal,sale_event,observed_history
87,99.0,2.0,3,normal,sale_event,observed_history
88,85.0,2.0,3,normal,sale_event,observed_history
89,94.0,2.0,3,normal,sale_event,observed_history
90,99.0,2.0,3,normal,sale_event,observed_history
91,98.0,2.0,3,normal,sale_event,observed_history
92,99.0,2.0,3,normal,sale_event,observed_history
93,98.0,2.0,3,normal,sale_event,observed_history
94,89.0,2.0,3,normal,sale_event,observed_history
95,84.0,2.0,3,normal,sale_event,observed_history
96,93.0,2.0,3,normal,sale_event,observed_history
97,92.0,2.0,3,normal,sale_event,observed_history
98,93.0,2.0,3,normal,sale_event,observed_history
99,83.0,2.0,3,normal,sale_event,observed_history
100,99.0,2.0,3,normal,sale_event,observed_history
101,84.0,2.0,3,normal,sale_event,observed_history
102,82.0,2.0,3,normal,sale_event,observed_history
103,97.0,2.0,3,normal,sale_event,observed_history
104,84.0,2.0,3,normal,sale_event,observed_history
105,98.0,2.0,3,normal,sale_event,observed_history
106,99.0,2.0,3,normal,sale_event,observed_history
107,89.0,2.0,3,normal,sale_event,observed_history
108,86.0,2.0,3,normal,sale_event,observed_history
109,85.0,2.0,3,normal,sale_event,observed_history
110,89.0,2.0,3,normal,sale_event,observed_history
111,88.0,2.0,3,normal,sale_event,observed_history
112,83.0,2.0,3,normal,sale_event,observed_history
113,96.0,2.0,3,normal,sale_event,observed_history
114,94.0,2.0,3,normal,sale_event,observed_history
115,83.0,2.0,3,normal,sale_event,observed_history
116,99.0,2.0,3,normal,sale_event,observed_history
117,91.0,2.0,3,normal,sale_event,observed_history
118,94.0,2.0,3,normal,sale_event,observed_history
119,82.0,2.0,3,normal,sale_event,observed_history
120,81.0,2.0,3,normal,sale_event,observed_history
121,83.0,2.0,3,normal,sale_event,observed_history
122,91.0,2.0,3,normal,sale_event,observed_history
123,93.0,2.0,3,normal,sale_event,observed_history
124,85.0,2.0,3,normal,sale_event,observed_history
125,83.0,2.0,3,normal,sale_event,observed_history
126,82.0,2.0,3,normal,sale_event,observed_history
127,87.0,2.0,3,normal,sale_event,observed_history
128,90.0,2.0,3,normal,sale_event,observed_history
129,95.0,2.0,3,normal,sale_event,observed_history
130,89.0,2.0,3,normal,sale_event,observed_history
131,95.0,2.0,3,normal,sale_event,observed_history
132,95.0,2.0,3,normal,sale_event,observed_history
133,88.0,2.0,3,normal,sale_event,observed_history
134,100.0,2.0,3,normal,sale_event,observed_history
135,89.0,2.0,3,normal,sale_event,observed_history
136,95.0,2.0,3,normal,sale_event,observed_history
137,87.0,2.0,3,normal,sale_event,observed_history
138,83.0,2.0,3,normal,sale_event,observed_history
139,92.0,2.0,3,normal,sale_event,observed_history
140,99.0,2.0,3,normal,sale_event,observed_history
141,86.0,2.0,3,normal,sale_event,observed_history
142,90.0,2.0,3,normal,sale_event,observed_history
143,93.0,2.0,3,normal,sale_event,observed_history
144,99.0,2.0,3,normal,sale_event,observed_history
145,96.0,2.0,3,normal,sale_event,observed_history
146,81.0,2.0,3,normal,sale_event,observed_history
147,90.0,2.0,3,normal,sale_event,observed_history
148,98.0,2.0,3,normal,sale_event,observed_history
149,86.0,2.0,3,normal,sale_event,observed_history
150,81.0,2.0,3,normal,sale_event,observed_history
151,100.0,2.0,3,normal,sale_event,observed_history
152,94.0,2.0,3,normal,sale_event,observed_history
153,91.0,2.0,3,normal,sale_event,observed_history
154,93.0,2.0,3,normal,sale_event,observed_history
155,95.0,2.0,3,normal,sale_event,observed_history
156,80.0,2.0,3,normal,sale_event,observed_history
157,100.0,2.0,3,normal,sale_event,observed_history
158,99.0,2.0,3,normal,sale_event,observed_history
159,96.0,2.0,3,normal,sale_event,observed_history
160,91.0,2.0,3,normal,sale_event,observed_history
161,92.0,2.0,3,normal,sale_event,observed_history
162,80.0,2.0,3,normal,sale_event,observed_history
163,91.0,2.0,3,normal,sale_event,observed_history
164,83.0,2.0,3,normal,sale_event,observed_history
165,87.0,2.0,3,normal,sale_event,observed_history
166,84.0,2.0,3,normal,sale_event,observed_history
167,86.0,2.0,3,normal,sale_event,observed_history
168,82.0,2.0,3,normal,sale_event,observed_history
169,100.0,2.0,3,normal,sale_event,observed_history
170,92.0,2.0,3,normal,sale_event,observed_history
171,89.0,2.0,3,normal,sale_event,observed_history
172,84.0,2.0,3,normal,sale_event,observed_history
173,93.0,2.0,3,normal,sale_event,observed_history
174,83.0,2.0,3,normal,sale_event,observed_history
175,80.0,2.0,3,normal,sale_event,observed_history
176,99.0,2.0,3,normal,sale_event,observed_history
177,84.0,2.0,3,normal,sale_event,observed_history
178,100.0,2.0,3,normal,sale_event,observed_history
179,80.0,2.0,3,normal,sale_event,observed_history
180,78.263,2.0,3,normal,sale_event,model_forecast
181,77.717,2.0,3,normal,sale_event,model_forecast
182,77.759,2.0,3,normal,sale_event,model_forecast
183,78.054,2.0,3,normal,sale_event,model_forecast
184,77.711,2.0,3,normal,sale_event,model_forecast
185,78.305,2.0,3,normal,sale_event,model_forecast
186,78.08,2.0,3,normal,sale_event,model_forecast
187,78.498,2.0,3,normal,sale_event,model_forecast
188,78.532,2.0,3,normal,sale_event,model_forecast
189,78.229,2.0,3,normal,sale_event,model_forecast
190,78.605,2.0,3,normal,sale_event,model_forecast
191,78.327,2.0,3,normal,sale_event,model_forecast
192,78.417,2.0,3,normal,sale_event,model_forecast
193,78.561,2.0,3,normal,sale_event,model_forecast
194,78.373,2.0,3,normal,sale_event,model_forecast
195,78.483,2.0,3,normal,sale_event,model_forecast
196,78.858,2.0,3,normal,sale_event,model_forecast
197,78.701,2.0,3,normal,sale_event,model_forecast
198,78.71,2.0,3,normal,sale_event,model_forecast
199,78.516,2.0,3,normal,sale_event,model_forecast
200,78.349,2.0,3,normal,sale_event,model_forecast
201,78.753,2.0,3,ramp_up,sale_event,model_forecast
202,78.843,2.0,3,ramp_up,sale_event,model_forecast
203,78.737,2.0,3,ramp_up,sale_event,model_forecast
204,78.851,2.0,3,ramp_up,sale_event,model_forecast
205,79.409,2.0,3,ramp_up,sale_event,model_forecast
206,79.896,2.0,3,ramp_up,sale_event,model_forecast
207,80.115,2.0,3,ramp_up,sale_event,model_forecast
208,80.458,2.0,3,ramp_up,sale_event,model_forecast
209,81.037,2.0,3,ramp_up,sale_event,model_forecast
210,81.732,2.0,3,ramp_up,sale_event,model_forecast
211,82.204,2.0,3,ramp_up,sale_event,model_forecast
212,81.941,2.0,3,ramp_up,sale_event,model_forecast
213,82.628,2.0,3,ramp_up,sale_event,model_forecast
214,82.611,2.0,3,ramp_up,sale_event,model_forecast
215,83.168,2.0,3,ramp_up,sale_event,model_forecast
216,83.692,2.0,3,ramp_up,sale_event,model_forecast
217,83.953,2.0,3,ramp_up,sale_event,model_forecast
218,84.006,2.0,3,ramp_up,sale_event,model_forecast
219,84.236,2.0,3,ramp_up,sale_event,model_forecast
220,84.83,2.0,3,ramp_up,sale_event,model_forecast
221,84.754,2.0,3,ramp_up,sale_event,model_forecast
222,85.477,2.0,3,ramp_up,sale_event,model_forecast
223,85.967,2.0,3,ramp_up,sale_event,model_forecast
224,85.811,2.0,3,ramp_up,sale_event,model_forecast
225,86.765,2.0,3,ramp_up,sale_event,model_forecast
226,86.996,2.0,3,ramp_up,sale_event,model_forecast
227,87.896,2.0,3,ramp_up,sale_event,model_forecast
228,87.943,2.0,3,ramp_up,sale_event,model_forecast
229,88.296,2.0,3,ramp_up,sale_event,model_forecast
230,88.49,2.0,3,ramp_up,sale_event,model_forecast
231,88.903,2.0,3,ramp_up,sale_event,model_forecast
232,89.008,2.0,3,ramp_up,sale_event,model_forecast
233,89.463,2.0,3,ramp_up,sale_event,model_forecast
234,89.634,2.0,3,ramp_up,sale_event,model_forecast
235,90.263,2.0,3,ramp_up,sale_event,model_forecast
236,90.366,2.0,3,ramp_up,sale_event,model_forecast
237,91.033,2.0,3,ramp_up,sale_event,model_forecast
238,91.424,2.0,3,ramp_up,sale_event,model_forecast
239,92.231,2.0,3,ramp_up,sale_event,model_forecast
240,92.65,2.0,3,ramp_up,sale_event,model_forecast
241,93.375,2.0,3,ramp_up,sale_event,model_forecast
242,93.948,2.0,3,ramp_up,sale_event,model_forecast
243,94.58,2.0,3,ramp_up,sale_event,model_forecast
244,94.923,2.0,3,ramp_up,sale_event,model_forecast
245,95.436,2.0,3,ramp_up,sale_event,model_forecast
246,96.117,2.0,3,ramp_up,sale_event,model_forecast
247,96.697,2.0,3,ramp_up,sale_event,model_forecast
248,97.232,2.0,3,ramp_up,sale_event,model_forecast
249,97.671,2.0,3,ramp_up,sale_event,model_forecast
250,98.236,2.0,3,ramp_up,sale_event,model_forecast
251,98.851,2.0,3,ramp_up,sale_event,model_forecast
252,99.873,2.0,3,ramp_up,sale_event,model_forecast
253,100.555,2.0,3,ramp_up,sale_event,model_forecast
254,101.343,2.0,3,ramp_up,sale_event,model_forecast
255,102.286,2.0,3,ramp_up,sale_event,model_forecast
256,103.405,2.0,3,ramp_up,sale_event,model_forecast
257,104.732,2.0,3,ramp_up,sale_event,model_forecast
258,105.979,2.0,3,ramp_up,sale_event,model_forecast
259,107.181,2.0,3,ramp_up,sale_event,model_forecast
260,108.577,2.0,3,ramp_up,sale_event,model_forecast
261,109.928,2.0,3,ramp_up,sale_event,model_forecast
262,110.724,2.0,3,ramp_up,sale_event,model_forecast
263,111.72,2.0,3,ramp_up,sale_event,model_forecast
264,112.913,2.0,3,ramp_up,sale_event,model_forecast
265,114.048,2.0,3,ramp_up,sale_event,model_forecast
266,115.064,2.0,3,ramp_up,sale_event,model_forecast
267,115.738,2.0,3,ramp_up,sale_event,model_forecast
268,116.579,2.0,3,ramp_up,sale_event,model_forecast
269,117.297,2.0,3,ramp_up,sale_event,model_forecast
270,117.931,2.0,3,ramp_up,sale_event,model_forecast
271,118.615,2.0,3,ramp_up,sale_event,model_forecast
272,119.356,2.0,3,ramp_up,sale_event,model_forecast
273,120.136,2.0,3,ramp_up,sale_event,model_forecast
274,120.993,2.0,3,ramp_up,sale_event,model_forecast
275,121.692,2.0,3,ramp_up,sale_event,model_forecast
276,122.353,2.0,3,ramp_up,sale_event,model_forecast
277,123.098,2.0,3,ramp_up,sale_event,model_forecast
278,123.902,2.0,3,ramp_up,sale_event,model_forecast
279,124.66,2.0,3,ramp_up,sale_event,model_forecast
280,125.417,2.0,3,ramp_up,sale_event,model_forecast
281,126.214,2.0,3,ramp_up,sale_event,model_forecast
282,127.056,2.0,3,ramp_up,sale_event,model_forecast
283,127.802,2.0,3,ramp_up,sale_event,model_forecast
284,128.527,2.0,3,ramp_up,sale_event,model_forecast
285,129.262,2.0,3,ramp_up,sale_event,model_forecast
286,130.146,2.0,3,ramp_up,sale_event,model_forecast
287,130.935,2.0,3,ramp_up,sale_event,model_forecast
288,131.513,3.0,3,ramp_up,sale_event,model_forecast
289,132.229,3.0,3,ramp_up,sale_event,model_forecast
290,133.004,3.0,3,ramp_up,sale_event,model_forecast
291,133.946,3.0,3,ramp_up,sale_event,model_forecast
292,135.017,3.0,3,ramp_up,sale_event,model_forecast
293,136.265,3.0,3,ramp_up,sale_event,model_forecast
294,137.582,3.0,3,ramp_up,sale_event,model_forecast
295,138.54,3.0,3,ramp_up,sale_event,model_forecast
296,139.517,3.0,3,ramp_up,sale_event,model_forecast
297,140.477,3.0,3,ramp_up,sale_event,model_forecast
298,141.645,3.0,3,ramp_up,sale_event,model_forecast
299,142.887,3.0,3,ramp_up,sale_event,model_forecast
300,143.55,3.0,3,ramp_up,sale_event,model_forecast
301,144.692,3.0,3,ramp_up,sale_event,model_forecast
302,145.546,3.0,3,ramp_up,sale_event,model_forecast
303,146.787,3.0,3,ramp_up,sale_event,model_forecast
304,148.014,3.0,3,ramp_up,sale_event,model_forecast
305,149.011,3.0,3,ramp_up,sale_event,model_forecast
306,150.42,3.0,3,ramp_up,sale_event,model_forecast
307,151.477,3.0,3,ramp_up,sale_event,model_forecast
308,152.883,3.0,3,ramp_up,sale_event,model_forecast
309,154.219,3.0,3,ramp_up,sale_event,model_forecast
310,155.566,3.0,3,ramp_up,sale_event,model_forecast
311,157.181,3.0,3,ramp_up,sale_event,model_forecast
312,158.202,3.0,3,ramp_up,sale_event,model_forecast
313,159.723,3.0,3,ramp_up,sale_event,model_forecast
314,160.853,3.0,3,ramp_up,sale_event,model_forecast
315,162.227,3.0,3,ramp_up,sale_event,model_forecast
316,163.508,3.0,3,ramp_up,sale_event,model_forecast
317,164.843,3.0,3,ramp_up,sale_event,model_forecast
318,165.611,3.0,3,ramp_up,sale_event,model_forecast
319,166.462,3.0,3,ramp_up,sale_event,model_forecast
320,167.524,3.0,3,ramp_up,sale_event,model_forecast
321,168.653,3.0,3,ramp_up,sale_event,model_forecast
322,169.695,3.0,3,ramp_up,sale_event,model_forecast
323,170.762,3.0,3,ramp_up,sale_event,model_forecast
324,171.673,3.0,3,ramp_up,sale_event,model_forecast
325,172.853,3.0,3,ramp_up,sale_event,model_forecast
326,173.65,3.0,3,ramp_up,sale_event,model_forecast
327,174.569,3.0,3,ramp_up,sale_event,model_forecast
328,175.528,3.0,3,ramp_up,sale_event,model_forecast
329,176.513,3.0,3,ramp_up,sale_event,model_forecast
330,177.87,3.0,3,ramp_up,sale_event,model_forecast
331,178.719,3.0,3,ramp_up,sale_event,model_forecast
332,180.008,3.0,3,ramp_up,sale_event,model_forecast
333,180.918,3.0,3,ramp_up,sale_event,model_forecast
334,182.083,3.0,3,ramp_up,sale_event,model_forecast
335,183.425,3.0,3,ramp_up,sale_event,model_forecast
336,184.411,3.0,3,ramp_up,sale_event,model_forecast
337,185.805,3.0,3,ramp_up,sale_event,model_forecast
338,186.899,3.0,3,ramp_up,sale_event,model_forecast
339,188.178,3.0,3,ramp_up,sale_event,model_forecast
340,189.441,3.0,3,ramp_up,sale_event,model_forecast
341,190.71,3.0,3,ramp_up,sale_event,model_forecast
342,191.713,3.0,3,ramp_up,sale_event,model_forecast
343,192.385,3.0,3,ramp_up,sale_event,model_forecast
344,193.149,3.0,3,ramp_up,sale_event,model_forecast
345,193.839,3.0,3,ramp_up,sale_event,model_forecast
346,194.738,3.0,3,ramp_up,sale_event,model_forecast
347,195.633,3.0,3,ramp_up,sale_event,model_forecast
348,196.436,3.0,3,ramp_up,sale_event,model_forecast
349,197.766,4.0,3,ramp_up,sale_event,model_forecast
350,198.434,4.0,3,ramp_up,sale_event,model_forecast
351,199.225,4.0,3,ramp_up,sale_event,model_forecast
352,200.188,4.0,3,ramp_up,sale_event,model_forecast
353,201.415,4.0,3,ramp_up,sale_event,model_forecast
354,202.197,4.0,3,ramp_up,sale_event,model_forecast
355,203.292,4.0,3,ramp_up,sale_event,model_forecast
356,204.114,4.0,3,ramp_up,sale_event,model_forecast
357,205.282,4.0,3,ramp_up,sale_event,model_forecast
358,205.954,4.0,3,ramp_up,sale_event,model_forecast
359,206.821,4.0,3,ramp_up,sale_event,model_forecast
360,207.625,4.0,3,ramp_up,sale_event,model_forecast
361,208.409,4.0,3,ramp_up,sale_event,model_forecast
362,209.676,4.0,3,ramp_up,sale_event,model_forecast
363,210.761,4.0,3,ramp_up,sale_event,model_forecast
364,211.816,4.0,3,ramp_up,sale_event,model_forecast
365,212.909,4.0,3,ramp_up,sale_event,model_forecast
366,214.145,4.0,3,ramp_up,sale_event,model_forecast
367,214.692,4.0,3,ramp_up,sale_event,model_forecast
368,216.123,4.0,3,ramp_up,sale_event,model_forecast
369,216.954,4.0,3,ramp_up,sale_event,model_forecast
370,218.052,4.0,3,ramp_up,sale_event,model_forecast
371,218.792,4.0,3,ramp_up,sale_event,model_forecast
372,219.736,4.0,3,ramp_up,sale_event,model_forecast
373,220.754,4.0,3,ramp_up,sale_event,model_forecast
374,221.575,4.0,3,ramp_up,sale_event,model_forecast
375,222.302,4.0,3,ramp_up,sale_event,model_forecast
376,223.311,4.0,3,ramp_up,sale_event,model_forecast
377,224.547,4.0,3,ramp_up,sale_event,model_forecast
378,225.698,4.0,3,ramp_up,sale_event,model_forecast
379,226.372,4.0,3,ramp_up,sale_event,model_forecast
380,227.2,4.0,3,ramp_up,sale_event,model_forecast
381,228.614,4.0,3,ramp_up,sale_event,model_forecast
382,229.635,4.0,3,ramp_up,sale_event,model_forecast
383,230.916,4.0,3,ramp_up,sale_event,model_forecast
384,231.9,4.0,3,ramp_up,sale_event,model_forecast
385,233.302,4.0,3,ramp_up,sale_event,model_forecast
386,234.046,4.0,3,ramp_up,sale_event,model_forecast
387,235.167,4.0,3,ramp_up,sale_event,model_forecast
388,236.454,4.0,3,ramp_up,sale_event,model_forecast
389,237.251,4.0,3,ramp_up,sale_event,model_forecast
390,238.301,4.0,3,ramp_up,sale_event,model_forecast
391,239.486,4.0,3,ramp_up,sale_event,model_forecast
392,240.494,4.0,3,ramp_up,sale_event,model_forecast
393,241.348,4.0,3,ramp_up,sale_event,model_forecast
394,241.988,4.0,3,ramp_up,sale_event,model_forecast
395,243.08,4.0,3,ramp_up,sale_event,model_forecast
396,243.767,4.0,3,ramp_up,sale_event,model_forecast
397,244.979,4.0,3,ramp_up,sale_event,model_forecast
398,245.395,4.0,3,ramp_up,sale_event,model_forecast
399,246.397,4.0,3,ramp_up,sale_event,model_forecast
400,247.229,4.0,3,ramp_up,sale_event,model_forecast
401,248.108,4.0,3,peak,sale_event,model_forecast
402,249.046,4.0,3,peak,sale_event,model_forecast
403,261.588,4.0,3,peak,sale_event,model_forecast
404,274.394,5.0,3,peak,sale_event,model_forecast
405,282.335,5.0,3,peak,sale_event,model_forecast
406,292.533,5.0,3,peak,sale_event,model_forecast
407,308.581,5.0,3,peak,sale_event,model_forecast
408,316.38,5.0,3,peak,sale_event,model_forecast
409,330.664,6.0,3,peak,sale_event,model_forecast
410,343.842,6.0,3,peak,sale_event,model_forecast
411,352.463,6.0,3,peak,sale_event,model_forecast
412,363.801,6.0,3,peak,sale_event,model_forecast
413,372.021,6.0,3,peak,sale_event,model_forecast
414,375.876,6.0,3,peak,sale_event,model_forecast
415,388.907,6.0,3,peak,sale_event,model_forecast
416,390.613,6.0,3,peak,sale_event,model_forecast
417,398.896,5.0,4,peak,sale_event,model_forecast
418,402.273,5.0,4,peak,sale_event,model_forecast
419,410.983,5.0,4,peak,sale_event,model_forecast
420,412.559,5.0,4,peak,sale_event,model_forecast
421,418.62,5.0,4,peak,sale_event,model_forecast
422,420.359,5.0,4,peak,sale_event,model_forecast
423,426.886,5.0,4,peak,sale_event,model_forecast
424,426.621,5.0,4,peak,sale_event,model_forecast
425,428.006,5.0,4,peak,sale_event,model_forecast
426,433.318,5.0,4,peak,sale_event,model_forecast
427,433.629,5.0,4,peak,sale_event,model_forecast
428,435.971,5.0,4,peak,sale_event,model_forecast
429,436.078,5.0,4,peak,sale_event,model_forecast
430,436.51,5.0,4,peak,sale_event,model_forecast
431,441.101,6.0,4,peak,sale_event,model_forecast
432,439.328,6.0,4,peak,sale_event,model_forecast
433,438.302,6.0,4,peak,sale_event,model_forecast
434,444.502,6.0,4,peak,sale_event,model_forecast
435,442.076,6.0,4,peak,sale_event,model_forecast
436,445.212,6.0,4,peak,sale_event,model_forecast
437,446.731,6.0,4,peak,sale_event,model_forecast
438,448.539,6.0,4,peak,sale_event,model_forecast
439,447.498,6.0,4,peak,sale_event,model_forecast
440,452.323,6.0,4,peak,sale_event,model_forecast
441,453.856,6.0,4,peak,sale_event,model_forecast
442,456.016,6.0,4,peak,sale_event,model_forecast
443,458.861,6.0,4,peak,sale_event,model_forecast
444,459.759,6.0,4,peak,sale_event,model_forecast
445,461.085,6.0,4,peak,sale_event,model_forecast
446,466.91,6.0,4,peak,sale_event,model_forecast
447,467.893,6.0,4,peak,sale_event,model_forecast
448,472.27,6.0,4,peak,sale_event,model_forecast
449,476.415,6.0,4,peak,sale_event,model_forecast
450,482.085,6.0,4,peak,sale_event,model_forecast
451,483.4,6.0,4,peak,sale_event,model_forecast
452,489.218,6.0,4,peak,sale_event,model_forecast
453,493.044,6.0,4,peak,sale_event,model_forecast
454,498.206,6.0,4,peak,sale_event,model_forecast
455,502.684,6.0,4,peak,sale_event,model_forecast
456,508.501,6.0,4,peak,sale_event,model_forecast
457,513.261,6.0,4,peak,sale_event,model_forecast
458,519.139,6.0,4,peak,sale_event,model_forecast
459,525.551,5.0,5,peak,sale_event,model_forecast
460,529.159,5.0,5,peak,sale_event,model_forecast
461,534.089,5.0,5,peak,sale_event,model_forecast
462,533.063,5.0,5,peak,sale_event,model_forecast
463,537.676,5.0,5,peak,sale_event,model_forecast
464,543.324,5.0,5,peak,sale_event,model_forecast
465,545.332,5.0,5,peak,sale_event,model_forecast
466,543.125,5.0,5,peak,sale_event,model_forecast
467,548.132,6.0,5,peak,sale_event,model_forecast
468,546.216,5.0,5,peak,sale_event,model_forecast
469,544.905,5.0,5,peak,sale_event,model_forecast
470,548.014,6.0,5,peak,sale_event,model_forecast
471,547.511,6.0,5,peak,sale_event,model_forecast
472,545.398,5.0,5,peak,sale_event,model_forecast
473,548.477,6.0,5,peak,sale_event,model_forecast
474,546.082,5.0,5,peak,sale_event,model_forecast
475,550.493,6.0,5,peak,sale_event,model_forecast
476,547.135,6.0,5,peak,sale_event,model_forecast
477,549.959,6.0,5,peak,sale_event,model_forecast
478,550.087,6.0,5,peak,sale_event,model_forecast
479,549.464,6.0,5,peak,sale_event,model_forecast
480,547.137,6.0,5,peak,sale_event,model_forecast
481,549.774,6.0,5,peak,sale_event,model_forecast
482,547.801,6.0,5,peak,sale_event,model_forecast
483,549.527,6.0,5,peak,sale_event,model_forecast
484,548.643,6.0,5,peak,sale_event,model_forecast
485,549.34,6.0,5,peak,sale_event,model_forecast
486,549.842,6.0,5,peak,sale_event,model_forecast
487,551.889,6.0,5,peak,sale_event,model_forecast
488,549.328,6.0,5,peak,sale_event,model_forecast
489,551.042,6.0,5,peak,sale_event,model_forecast
490,549.259,6.0,5,peak,sale_event,model_forecast
491,549.5,6.0,5,peak,sale_event,model_forecast
492,551.239,6.0,5,peak,sale_event,model_forecast
493,550.463,6.0,5,peak,sale_event,model_forecast
494,549.648,6.0,5,peak,sale_event,model_forecast
495,551.022,6.0,5,peak,sale_event,model_forecast
496,548.476,6.0,5,peak,sale_event,model_forecast
497,550.786,6.0,5,peak,sale_event,model_forecast
498,552.052,6.0,5,peak,sale_event,model_forecast
499,549.631,6.0,5,peak,sale_event,model_forecast
500,553.552,6.0,5,peak,sale_event,model_forecast
501,551.219,6.0,5,peak,sale_event,model_forecast
502,550.696,6.0,5,peak,sale_event,model_forecast
503,551.58,6.0,5,peak,sale_event,model_forecast
504,550.818,6.0,5,peak,sale_event,model_forecast
505,549.366,6.0,5,peak,sale_event,model_forecast
506,549.848,6.0,5,peak,sale_event,model_forecast
507,547.388,6.0,5,peak,sale_event,model_forecast
508,547.208,6.0,5,peak,sale_event,model_forecast
509,547.163,6.0,5,peak,sale_event,model_forecast
510,550.409,6.0,5,peak,sale_event,model_forecast
511,547.603,6.0,5,peak,sale_event,model_forecast
512,550.121,6.0,5,peak,sale_event,model_forecast
513,551.127,6.0,5,peak,sale_event,model_forecast
514,551.929,6.0,5,peak,sale_event,model_forecast
515,550.514,6.0,5,peak,sale_event,model_forecast
516,549.529,6.0,5,peak,sale_event,model_forecast
517,551.691,6.0,5,peak,sale_event,model_forecast
518,551.35,6.0,5,peak,sale_event,model_forecast
519,553.267,6.0,5,peak,sale_event,model_forecast
520,551.695,6.0,5,peak,sale_event,model_forecast
521,553.918,6.0,5,peak,sale_event,model_forecast
522,553.185,6.0,5,peak,sale_event,model_forecast
523,553.6,6.0,5,peak,sale_event,model_forecast
524,553.232,6.0,5,peak,sale_event,model_forecast
525,551.437,6.0,5,peak,sale_event,model_forecast
526,552.942,6.0,5,peak,sale_event,model_forecast
527,551.978,6.0,5,peak,sale_event,model_forecast
528,553.039,6.0,5,peak,sale_event,model_forecast
529,552.742,6.0,5,peak,sale_event,model_forecast
530,552.58,6.0,5,peak,sale_event,model_forecast
531,553.086,6.0,5,peak,sale_event,model_forecast
532,550.274,6.0,5,peak,sale_event,model_forecast
533,551.868,6.0,5,peak,sale_event,model_forecast
534,548.687,6.0,5,peak,sale_event,model_forecast
535,550.742,6.0,5,peak,sale_event,model_forecast
536,549.315,6.0,5,peak,sale_event,model_forecast
537,550.728,6.0,5,peak,sale_event,model_forecast
538,552.946,6.0,5,peak,sale_event,model_forecast
539,552.497,6.0,5,peak,sale_event,model_forecast
540,549.434,6.0,5,peak,sale_event,model_forecast
541,549.829,6.0,5,peak,sale_event,model_forecast
542,550.704,6.0,5,peak,sale_event,model_forecast
543,551.683,6.0,5,peak,sale_event,model_forecast
544,550.578,6.0,5,peak,sale_event,model_forecast
545,549.05,6.0,5,peak,sale_event,model_forecast
546,547.779,6.0,5,peak,sale_event,model_forecast
547,550.344,6.0,5,peak,sale_event,model_forecast
548,547.812,6.0,5,peak,sale_event,model_forecast
549,549.406,6.0,5,peak,sale_event,model_forecast
550,548.292,6.0,5,peak,sale_event,model_forecast
551,547.637,6.0,5,peak,sale_event,model_forecast
552,549.272,6.0,5,peak,sale_event,model_forecast
553,550.582,6.0,5,peak,sale_event,model_forecast
554,548.274,6.0,5,peak,sale_event,model_forecast
555,548.799,6.0,5,peak,sale_event,model_forecast
556,545.549,5.0,5,peak,sale_event,model_forecast
557,544.348,5.0,5,peak,sale_event,model_forecast
558,546.256,5.0,5,peak,sale_event,model_forecast
559,543.028,5.0,5,peak,sale_event,model_forecast
560,543.209,5.0,5,peak,sale_event,model_forecast
561,544.544,5.0,5,peak,sale_event,model_forecast
562,542.963,5.0,5,peak,sale_event,model_forecast
563,542.763,5.0,5,peak,sale_event,model_forecast
564,544.22,5.0,5,peak,sale_event,model_forecast
565,547.592,6.0,5,peak,sale_event,model_forecast
566,545.654,5.0,5,peak,sale_event,model_forecast
567,544.301,5.0,5,peak,sale_event,model_forecast
568,547.207,6.0,5,peak,sale_event,model_forecast
569,546.954,6.0,5,peak,sale_event,model_forecast
570,547.557,6.0,5,peak,sale_event,model_forecast
571,547.266,6.0,5,peak,sale_event,model_forecast
572,548.208,6.0,5,peak,sale_event,model_forecast
573,550.567,6.0,5,peak,sale_event,model_forecast
574,548.09,6.0,5,peak,sale_event,model_forecast
575,550.89,6.0,5,peak,sale_event,model_forecast
576,545.937,5.0,5,peak,sale_event,model_forecast
577,549.823,6.0,5,peak,sale_event,model_forecast
578,549.135,6.0,5,peak,sale_event,model_forecast
579,548.431,6.0,5,peak,sale_event,model_forecast
580,549.499,6.0,5,peak,sale_event,model_forecast
581,548.864,6.0,5,peak,sale_event,model_forecast
582,550.182,6.0,5,peak,sale_event,model_forecast
583,552.297,6.0,5,peak,sale_event,model_forecast
584,551.545,6.0,5,peak,sale_event,model_forecast
585,548.73,6.0,5,peak,sale_event,model_forecast
586,553.127,6.0,5,peak,sale_event,model_forecast
587,551.445,6.0,5,peak,sale_event,model_forecast
588,553.45,6.0,5,peak,sale_event,model_forecast
589,555.623,6.0,5,peak,sale_event,model_forecast
590,552.677,6.0,5,peak,sale_event,model_forecast
591,556.301,6.0,5,peak,sale_event,model_forecast
592,553.207,6.0,5,peak,sale_event,model_forecast
593,554.201,6.0,5,peak,sale_event,model_forecast
594,553.859,6.0,5,peak,sale_event,model_forecast
595,554.669,6.0,5,peak,sale_event,model_forecast
596,552.336,6.0,5,peak,sale_event,model_forecast
597,551.922,6.0,5,peak,sale_event,model_forecast
598,553.313,6.0,5,peak,sale_event,model_forecast
599,552.675,6.0,5,peak,sale_event,model_forecast
600,549.91,6.0,5,peak,sale_event,model_forecast
601,549.395,6.0,5,peak,sale_event,model_forecast
602,549.763,6.0,5,peak,sale_event,model_forecast
603,550.258,6.0,5,peak,sale_event,model_forecast
604,551.012,6.0,5,peak,sale_event,model_forecast
605,547.687,6.0,5,peak,sale_event,model_forecast
606,548.552,6.0,5,peak,sale_event,model_forecast
607,546.762,5.0,5,peak,sale_event,model_forecast
608,548.008,6.0,5,peak,sale_event,model_forecast
609,548.227,6.0,5,peak,sale_event,model_forecast
610,547.874,6.0,5,peak,sale_event,model_forecast
611,547.407,6.0,5,peak,sale_event,model_forecast
612,547.21,6.0,5,peak,sale_event,model_forecast
613,547.88,6.0,5,peak,sale_event,model_forecast
614,549.013,6.0,5,peak,sale_event,model_forecast
615,547.945,6.0,5,peak,sale_event,model_forecast
616,549.901,6.0,5,peak,sale_event,model_forecast
617,547.57,6.0,5,peak,sale_event,model_forecast
618,551.91,6.0,5,peak,sale_event,model_forecast
619,552.012,6.0,5,peak,sale_event,model_forecast
620,549.826,6.0,5,peak,sale_event,model_forecast
621,551.758,6.0,5,peak,sale_event,model_forecast
622,552.678,6.0,5,peak,sale_event,model_forecast
623,552.79,6.0,5,peak,sale_event,model_forecast
624,553.977,6.0,5,peak,sale_event,model_forecast
625,554.123,6.0,5,peak,sale_event,model_forecast
626,555.013,6.0,5,peak,sale_event,model_forecast
627,554.779,6.0,5,peak,sale_event,model_forecast
628,555.261,6.0,5,peak,sale_event,model_forecast
629,553.531,6.0,5,peak,sale_event,model_forecast
630,553.668,6.0,5,peak,sale_event,model_forecast
631,554.682,6.0,5,peak,sale_event,model_forecast
632,554.833,6.0,5,peak,sale_event,model_forecast
633,554.618,6.0,5,peak,sale_event,model_forecast
634,552.611,6.0,5,peak,sale_event,model_forecast
635,555.163,6.0,5,peak,sale_event,model_forecast
636,554.282,6.0,5,peak,sale_event,model_forecast
637,555.917,6.0,5,peak,sale_event,model_forecast
638,555.032,6.0,5,peak,sale_event,model_forecast
639,553.785,6.0,5,peak,sale_event,model_forecast
640,552.379,6.0,5,peak,sale_event,model_forecast
641,552.796,6.0,5,peak,sale_event,model_forecast
642,552.0,6.0,5,peak,sale_event,model_forecast
643,552.819,6.0,5,peak,sale_event,model_forecast
644,551.488,6.0,5,peak,sale_event,model_forecast
645,550.172,6.0,5,peak,sale_event,model_forecast
646,548.769,6.0,5,peak,sale_event,model_forecast
647,546.87,5.0,5,peak,sale_event,model_forecast
648,545.706,5.0,5,peak,sale_event,model_forecast
649,545.6,5.0,5,peak,sale_event,model_forecast
650,540.647,5.0,5,peak,sale_event,model_forecast
651,544.589,5.0,5,peak,sale_event,model_forecast
652,542.643,5.0,5,peak,sale_event,model_forecast
653,542.003,5.0,5,peak,sale_event,model_forecast
654,545.223,5.0,5,peak,sale_event,model_forecast
655,544.127,5.0,5,peak,sale_event,model_forecast
656,543.999,5.0,5,peak,sale_event,model_forecast
657,546.517,5.0,5,peak,sale_event,model_forecast
658,545.538,5.0,5,peak,sale_event,model_forecast
659,544.396,5.0,5,peak,sale_event,model_forecast
660,546.84,5.0,5,peak,sale_event,model_forecast
661,545.379,5.0,5,peak,sale_event,model_forecast
662,548.067,6.0,5,peak,sale_event,model_forecast
663,550.174,6.0,5,peak,sale_event,model_forecast
664,549.505,6.0,5,peak,sale_event,model_forecast
665,550.161,6.0,5,peak,sale_event,model_forecast
666,551.701,6.0,5,peak,sale_event,model_forecast
667,552.029,6.0,5,peak,sale_event,model_forecast
668,554.592,6.0,5,peak,sale_event,model_forecast
669,553.449,6.0,5,peak,sale_event,model_forecast
670,555.837,6.0,5,peak,sale_event,model_forecast
671,552.758,6.0,5,peak,sale_event,model_forecast
672,554.984,6.0,5,peak,sale_event,model_forecast
673,555.242,6.0,5,peak,sale_event,model_forecast
674,555.656,6.0,5,peak,sale_event,model_forecast
675,553.458,6.0,5,peak,sale_event,model_forecast
676,552.935,6.0,5,peak,sale_event,model_forecast
677,552.285,6.0,5,peak,sale_event,model_forecast
678,553.75,6.0,5,peak,sale_event,model_forecast
679,552.31,6.0,5,peak,sale_event,model_forecast
680,551.059,6.0,5,peak,sale_event,model_forecast
681,550.847,6.0,5,peak,sale_event,model_forecast
682,551.816,6.0,5,peak,sale_event,model_forecast
683,551.33,6.0,5,peak,sale_event,model_forecast
684,551.537,6.0,5,peak,sale_event,model_forecast
685,549.979,6.0,5,peak,sale_event,model_forecast
686,551.658,6.0,5,peak,sale_event,model_forecast
687,552.529,6.0,5,peak,sale_event,model_forecast
688,552.959,6.0,5,peak,sale_event,model_forecast
689,551.626,6.0,5,peak,sale_event,model_forecast
690,550.803,6.0,5,peak,sale_event,model_forecast
691,550.795,6.0,5,peak,sale_event,model_forecast
692,552.009,6.0,5,peak,sale_event,model_forecast
693,552.255,6.0,5,peak,sale_event,model_forecast
694,547.985,6.0,5,peak,sale_event,model_forecast
695,549.747,6.0,5,peak,sale_event,model_forecast
696,547.388,6.0,5,peak,sale_event,model_forecast
697,548.346,6.0,5,peak,sale_event,model_forecast
698,547.894,6.0,5,peak,sale_event,model_forecast
699,548.31,6.0,5,peak,sale_event,model_forecast
700,548.494,6.0,5,peak,sale_event,model_forecast
701,547.979,6.0,5,cool_down,sale_event,model_forecast
702,547.197,6.0,5,cool_down,sale_event,model_forecast
703,546.107,5.0,5,cool_down,sale_event,model_forecast
704,544.953,5.0,5,cool_down,sale_event,model_forecast
705,544.711,5.0,5,cool_down,sale_event,model_forecast
706,543.201,5.0,5,cool_down,sale_event,model_forecast
707,542.396,5.0,5,cool_down,sale_event,model_forecast
708,541.201,5.0,5,cool_down,sale_event,model_forecast
709,540.692,5.0,5,cool_down,sale_event,model_forecast
710,538.486,5.0,5,cool_down,sale_event,model_forecast
711,538.005,5.0,5,cool_down,sale_event,model_forecast
712,536.623,5.0,5,cool_down,sale_event,model_forecast
713,534.826,5.0,5,cool_down,sale_event,model_forecast
714,534.627,5.0,5,cool_down,sale_event,model_forecast
715,531.711,5.0,5,cool_down,sale_event,model_forecast
716,530.703,5.0,5,cool_down,sale_event,model_forecast
717,531.051,5.0,5,cool_down,sale_event,model_forecast
718,529.074,5.0,5,cool_down,sale_event,model_forecast
719,527.133,5.0,5,cool_down,sale_event,model_forecast
720,527.231,5.0,5,cool_down,sale_event,model_forecast
721,524.712,6.0,4,cool_down,sale_event,model_forecast
722,523.921,6.0,4,cool_down,sale_event,model_forecast
723,523.671,6.0,4,cool_down,sale_event,model_forecast
724,521.393,6.0,4,cool_down,sale_event,model_forecast
725,519.506,6.0,4,cool_down,sale_event,model_forecast
726,517.69,6.0,4,cool_down,sale_event,model_forecast
727,516.724,6.0,4,cool_down,sale_event,model_forecast
728,515.65,6.0,4,cool_down,sale_event,model_forecast
729,513.993,6.0,4,cool_down,sale_event,model_forecast
730,513.65,6.0,4,cool_down,sale_event,model_forecast
731,510.685,6.0,4,cool_down,sale_event,model_forecast
732,511.145,6.0,4,cool_down,sale_event,model_forecast
733,510.667,6.0,4,cool_down,sale_event,model_forecast
734,510.571,6.0,4,cool_down,sale_event,model_forecast
735,509.621,6.0,4,cool_down,sale_event,model_forecast
736,508.327,6.0,4,cool_down,sale_event,model_forecast
737,508.276,6.0,4,cool_down,sale_event,model_forecast
738,508.362,6.0,4,cool_down,sale_event,model_forecast
739,507.1,6.0,4,cool_down,sale_event,model_forecast
740,505.907,6.0,4,cool_down,sale_event,model_forecast
741,504.624,6.0,4,cool_down,sale_event,model_forecast
742,504.654,6.0,4,cool_down,sale_event,model_forecast
743,503.84,6.0,4,cool_down,sale_event,model_forecast
744,501.793,6.0,4,cool_down,sale_event,model_forecast
745,500.362,6.0,4,cool_down,sale_event,model_forecast
746,500.095,6.0,4,cool_down,sale_event,model_forecast
747,498.046,6.0,4,cool_down,sale_event,model_forecast
748,496.775,6.0,4,cool_down,sale_event,model_forecast
749,495.843,6.0,4,cool_down,sale_event,model_forecast
750,493.903,6.0,4,cool_down,sale_event,model_forecast
751,492.267,6.0,4,cool_down,sale_event,model_forecast
752,490.383,6.0,4,cool_down,sale_event,model_forecast
753,491.11,6.0,4,cool_down,sale_event,model_forecast
754,486.98,6.0,4,cool_down,sale_event,model_forecast
755,486.821,6.0,4,cool_down,sale_event,model_forecast
756,482.948,6.0,4,cool_down,sale_event,model_forecast
757,481.655,6.0,4,cool_down,sale_event,model_forecast
758,478.62,6.0,4,cool_down,sale_event,model_forecast
759,476.159,6.0,4,cool_down,sale_event,model_forecast
760,474.738,6.0,4,cool_down,sale_event,model_forecast
761,471.829,6.0,4,cool_down,sale_event,model_forecast
762,469.608,6.0,4,cool_down,sale_event,model_forecast
763,467.163,6.0,4,cool_down,sale_event,model_forecast
764,465.387,6.0,4,cool_down,sale_event,model_forecast
765,463.434,6.0,4,cool_down,sale_event,model_forecast
766,462.163,6.0,4,cool_down,sale_event,model_forecast
767,460.886,6.0,4,cool_down,sale_event,model_forecast
768,458.62,6.0,4,cool_down,sale_event,model_forecast
769,457.402,6.0,4,cool_down,sale_event,model_forecast
770,456.139,6.0,4,cool_down,sale_event,model_forecast
771,454.593,6.0,4,cool_down,sale_event,model_forecast
772,452.79,6.0,4,cool_down,sale_event,model_forecast
773,452.192,6.0,4,cool_down,sale_event,model_forecast
774,450.785,6.0,4,cool_down,sale_event,model_forecast
775,449.038,6.0,4,cool_down,sale_event,model_forecast
776,447.744,6.0,4,cool_down,sale_event,model_forecast
777,446.18,6.0,4,cool_down,sale_event,model_forecast
778,445.005,6.0,4,cool_down,sale_event,model_forecast
779,443.194,6.0,4,cool_down,sale_event,model_forecast
780,442.45,6.0,4,cool_down,sale_event,model_forecast
781,440.69,6.0,4,cool_down,sale_event,model_forecast
782,439.403,6.0,4,cool_down,sale_event,model_forecast
783,437.812,6.0,4,cool_down,sale_event,model_forecast
784,437.142,5.0,4,cool_down,sale_event,model_forecast
785,435.444,5.0,4,cool_down,sale_event,model_forecast
786,433.873,5.0,4,cool_down,sale_event,model_forecast
787,432.992,5.0,4,cool_down,sale_event,model_forecast
788,431.714,5.0,4,cool_down,sale_event,model_forecast
789,430.944,5.0,4,cool_down,sale_event,model_forecast
790,429.613,5.0,4,cool_down,sale_event,model_forecast
791,427.833,5.0,4,cool_down,sale_event,model_forecast
792,426.63,5.0,4,cool_down,sale_event,model_forecast
793,424.979,5.0,4,cool_down,sale_event,model_forecast
794,423.656,5.0,4,cool_down,sale_event,model_forecast
795,422.289,5.0,4,cool_down,sale_event,model_forecast
796,420.643,5.0,4,cool_down,sale_event,model_forecast
797,418.871,5.0,4,cool_down,sale_event,model_forecast
798,417.628,5.0,4,cool_down,sale_event,model_forecast
799,416.007,5.0,4,cool_down,sale_event,model_forecast
800,414.089,5.0,4,cool_down,sale_event,model_forecast
801,412.33,5.0,4,cool_down,sale_event,model_forecast
802,410.52,5.0,4,cool_down,sale_event,model_forecast
803,409.193,5.0,4,cool_down,sale_event,model_forecast
804,407.446,5.0,4,cool_down,sale_event,model_forecast
805,405.658,5.0,4,cool_down,sale_event,model_forecast
806,403.877,5.0,4,cool_down,sale_event,model_forecast
807,402.697,5.0,4,cool_down,sale_event,model_forecast
808,401.133,5.0,4,cool_down,sale_event,model_forecast
809,399.417,5.0,4,cool_down,sale_event,model_forecast
810,398.052,5.0,4,cool_down,sale_event,model_forecast
811,396.579,5.0,4,cool_down,sale_event,model_forecast
812,394.388,5.0,4,cool_down,sale_event,model_forecast
813,393.281,6.0,3,cool_down,sale_event,model_forecast
814,391.887,6.0,3,cool_down,sale_event,model_forecast
815,390.592,6.0,3,cool_down,sale_event,model_forecast
816,389.022,6.0,3,cool_down,sale_event,model_forecast
817,387.729,6.0,3,cool_down,sale_event,model_forecast
818,385.515,6.0,3,cool_down,sale_event,model_forecast
819,384.843,6.0,3,cool_down,sale_event,model_forecast
820,382.872,6.0,3,cool_down,sale_event,model_forecast
821,380.836,6.0,3,cool_down,sale_event,model_forecast
822,379.857,6.0,3,cool_down,sale_event,model_forecast
823,378.048,6.0,3,cool_down,sale_event,model_forecast
824,376.002,6.0,3,cool_down,sale_event,model_forecast
825,374.761,6.0,3,cool_down,sale_event,model_forecast
826,373.202,6.0,3,cool_down,sale_event,model_forecast
827,371.443,6.0,3,cool_down,sale_event,model_forecast
828,370.105,6.0,3,cool_down,sale_event,model_forecast
829,368.994,6.0,3,cool_down,sale_event,model_forecast
830,367.273,6.0,3,cool_down,sale_event,model_forecast
831,365.625,6.0,3,cool_down,sale_event,model_forecast
832,364.041,6.0,3,cool_down,sale_event,model_forecast
833,362.876,6.0,3,cool_down,sale_event,model_forecast
834,361.475,6.0,3,cool_down,sale_event,model_forecast
835,360.538,6.0,3,cool_down,sale_event,model_forecast
836,358.386,6.0,3,cool_down,sale_event,model_forecast
837,355.8,6.0,3,cool_down,sale_event,model_forecast
838,354.191,6.0,3,cool_down,sale_event,model_forecast
839,352.257,6.0,3,cool_down,sale_event,model_forecast
840,351.122,6.0,3,cool_down,sale_event,model_forecast
841,348.439,6.0,3,cool_down,sale_event,model_forecast
842,347.096,6.0,3,cool_down,sale_event,model_forecast
843,344.02,6.0,3,cool_down,sale_event,model_forecast
844,342.662,6.0,3,cool_down,sale_event,model_forecast
845,341.319,6.0,3,cool_down,sale_event,model_forecast
846,338.312,6.0,3,cool_down,sale_event,model_forecast
847,336.79,6.0,3,cool_down,sale_event,model_forecast
848,334.0,6.0,3,cool_down,sale_event,model_forecast
849,331.12,6.0,3,cool_down,sale_event,model_forecast
850,328.584,6.0,3,cool_down,sale_event,model_forecast
851,325.378,5.0,3,cool_down,sale_event,model_forecast
852,323.735,5.0,3,cool_down,sale_event,model_forecast
853,320.954,5.0,3,cool_down,sale_event,model_forecast
854,318.055,5.0,3,cool_down,sale_event,model_forecast
855,316.608,5.0,3,cool_down,sale_event,model_forecast
856,314.355,5.0,3,cool_down,sale_event,model_forecast
857,311.221,5.0,3,cool_down,sale_event,model_forecast
858,309.617,5.0,3,cool_down,sale_event,model_forecast
859,307.375,5.0,3,cool_down,sale_event,model_forecast
860,305.869,5.0,3,cool_down,sale_event,model_forecast
861,303.037,5.0,3,cool_down,sale_event,model_forecast
862,301.502,5.0,3,cool_down,sale_event,model_forecast
863,299.917,5.0,3,cool_down,sale_event,model_forecast
864,297.573,5.0,3,cool_down,sale_event,model_forecast
865,295.642,5.0,3,cool_down,sale_event,model_forecast
866,293.33,5.0,3,cool_down,sale_event,model_forecast
867,291.669,5.0,3,cool_down,sale_event,model_forecast
868,289.093,5.0,3,cool_down,sale_event,model_forecast
869,286.698,5.0,3,cool_down,sale_event,model_forecast
870,284.379,5.0,3,cool_down,sale_event,model_forecast
871,282.545,5.0,3,cool_down,sale_event,model_forecast
872,280.802,5.0,3,cool_down,sale_event,model_forecast
873,278.836,5.0,3,cool_down,sale_event,model_forecast
874,276.782,5.0,3,cool_down,sale_event,model_forecast
875,273.879,5.0,3,cool_down,sale_event,model_forecast
876,271.985,5.0,3,cool_down,sale_event,model_forecast
877,270.344,5.0,3,cool_down,sale_event,model_forecast
878,267.138,5.0,3,cool_down,sale_event,model_forecast
879,264.939,5.0,3,cool_down,sale_event,model_forecast
880,262.59,5.0,3,cool_down,sale_event,model_forecast
881,260.035,4.0,3,cool_down,sale_event,model_forecast
882,257.357,4.0,3,cool_down,sale_event,model_forecast
883,255.31,4.0,3,cool_down,sale_event,model_forecast
884,253.301,4.0,3,cool_down,sale_event,model_forecast
885,251.246,4.0,3,cool_down,sale_event,model_forecast
886,249.236,4.0,3,cool_down,sale_event,model_forecast
887,246.301,4.0,3,cool_down,sale_event,model_forecast
888,244.693,4.0,3,cool_down,sale_event,model_forecast
889,242.405,4.0,3,cool_down,sale_event,model_forecast
890,239.184,4.0,3,cool_down,sale_event,model_forecast
891,237.282,4.0,3,cool_down,sale_event,model_forecast
892,233.718,4.0,3,cool_down,sale_event,model_forecast
893,231.038,4.0,3,cool_down,sale_event,model_forecast
894,228.169,4.0,3,cool_down,sale_event,model_forecast
895,226.306,4.0,3,cool_down,sale_event,model_forecast
896,224.126,4.0,3,cool_down,sale_event,model_forecast
897,221.224,4.0,3,cool_down,sale_event,model_forecast
898,218.552,4.0,3,cool_down,sale_event,model_forecast
899,215.599,4.0,3,cool_down,sale_event,model_forecast
900,213.671,4.0,3,cool_down,sale_event,model_forecast
901,210.754,4.0,3,stable,sale_event,model_forecast
902,207.658,4.0,3,stable,sale_event,model_forecast
903,202.908,4.0,3,stable,sale_event,model_forecast
904,199.217,4.0,3,stable,sale_event,model_forecast
905,195.425,3.0,3,stable,sale_event,model_forecast
906,190.952,3.0,3,stable,sale_event,model_forecast
907,186.84,3.0,3,stable,sale_event,model_forecast
908,182.973,3.0,3,stable,sale_event,model_forecast
909,178.718,3.0,3,stable,sale_event,model_forecast
910,175.773,3.0,3,stable,sale_event,model_forecast
911,172.158,3.0,3,stable,sale_event,model_forecast
912,169.089,3.0,3,stable,sale_event,model_forecast
913,165.918,3.0,3,stable,sale_event,model_forecast
914,162.788,3.0,3,stable,sale_event,model_forecast
915,160.145,3.0,3,stable,sale_event,model_forecast
916,157.088,3.0,3,stable,sale_event,model_forecast
917,154.119,3.0,3,stable,sale_event,model_forecast
918,151.966,3.0,3,stable,sale_event,model_forecast
919,149.039,3.0,3,stable,sale_event,model_forecast
920,146.587,3.0,3,stable,sale_event,model_forecast
921,144.079,3.0,3,stable,sale_event,model_forecast
922,141.669,3.0,3,stable,sale_event,model_forecast
923,139.826,3.0,3,stable,sale_event,model_forecast
924,137.115,3.0,3,stable,sale_event,model_forecast
925,135.246,3.0,3,stable,sale_event,model_forecast
926,133.297,3.0,3,stable,sale_event,model_forecast
927,131.715,3.0,3,stable,sale_event,model_forecast
928,129.973,2.0,3,stable,sale_event,model_forecast
929,128.894,2.0,3,stable,sale_event,model_forecast
930,127.538,2.0,3,stable,sale_event,model_forecast
931,125.725,2.0,3,stable,sale_event,model_forecast
932,124.34,2.0,3,stable,sale_event,model_forecast
933,123.047,2.0,3,stable,sale_event,model_forecast
934,122.027,2.0,3,stable,sale_event,model_forecast
935,120.548,2.0,3,stable,sale_event,model_forecast
936,119.213,2.0,3,stable,sale_event,model_forecast
937,118.594,2.0,3,stable,sale_event,model_forecast
938,117.664,2.0,3,stable,sale_event,model_forecast
939,116.673,2.0,3,stable,sale_event,model_forecast
940,115.459,2.0,3,stable,sale_event,model_forecast
941,114.789,2.0,3,stable,sale_event,model_forecast
942,113.378,2.0,3,stable,sale_event,model_forecast
943,112.091,2.0,3,stable,sale_event,model_forecast
944,111.341,2.0,3,stable,sale_event,model_forecast
945,109.796,2.0,3,stable,sale_event,model_forecast
946,108.403,2.0,3,stable,sale_event,model_forecast
947,107.057,2.0,3,stable,sale_event,model_forecast
948,105.567,2.0,3,stable,sale_event,model_forecast
949,104.367,2.0,3,stable,sale_event,model_forecast
950,103.029,2.0,3,stable,sale_event,model_forecast
951,102.243,2.0,3,stable,sale_event,model_forecast
952,101.653,2.0,3,stable,sale_event,model_forecast
953,100.607,2.0,3,stable,sale_event,model_forecast
954,100.051,2.0,3,stable,sale_event,model_forecast
955,99.519,2.0,3,stable,sale_event,model_forecast
956,98.842,2.0,3,stable,sale_event,model_forecast
957,97.208,2.0,3,stable,sale_event,model_forecast
958,96.017,2.0,3,stable,sale_event,model_forecast
959,94.739,2.0,3,stable,sale_event,model_forecast
960,93.663,2.0,3,stable,sale_event,model_forecast
961,92.55,2.0,3,stable,sale_event,model_forecast
962,91.485,2.0,3,stable,sale_event,model_forecast
963,90.845,2.0,3,stable,sale_event,model_forecast
964,90.319,2.0,3,stable,sale_event,model_forecast
965,90.104,2.0,3,stable,sale_event,model_forecast
966,89.58,2.0,3,stable,sale_event,model_forecast
967,89.177,2.0,3,stable,sale_event,model_forecast
968,88.786,2.0,3,stable,sale_event,model_forecast
969,88.348,2.0,3,stable,sale_event,model_forecast
970,88.313,2.0,3,stable,sale_event,model_forecast
971,88.115,2.0,3,stable,sale_event,model_forecast
972,87.878,2.0,3,stable,sale_event,model_forecast
973,87.826,2.0,3,stable,sale_event,model_forecast
974,87.625,2.0,3,stable,sale_event,model_forecast
975,87.617,2.0,3,stable,sale_event,model_forecast
976,87.415,2.0,3,stable,sale_event,model_forecast
977,87.518,2.0,3,stable,sale_event,model_forecast
978,87.598,2.0,3,stable,sale_event,model_forecast
979,87.124,2.0,3,stable,sale_event,model_forecast
980,86.818,2.0,3,stable,sale_event,model_forecast
981,86.612,2.0,3,stable,sale_event,model_forecast
982,86.589,2.0,3,stable,sale_event,model_forecast
983,86.459,2.0,3,stable,sale_event,model_forecast
984,86.395,2.0,3,stable,sale_event,model_forecast
985,86.337,2.0,3,stable,sale_event,model_forecast
986,85.927,2.0,3,stable,sale_event,model_forecast
987,86.17,2.0,3,stable,sale_event,model_forecast
988,85.695,2.0,3,stable,sale_event,model_forecast
989,85.857,2.0,3,stable,sale_event,model_forecast
990,86.196,2.0,3,stable,sale_event,model_forecast
991,86.096,2.0,3,stable,sale_event,model_forecast
992,85.869,2.0,3,stable,sale_event,model_forecast
993,86.014,2.0,3,stable,sale_event,model_forecast
994,86.275,2.0,3,stable,sale_event,model_forecast
995,85.981,2.0,3,stable,sale_event,model_forecast
996,85.996,2.0,3,stable,sale_event,model_forecast
997,85.949,2.0,3,stable,sale_event,model_forecast
998,85.825,2.0,3,stable,sale_event,model_forecast
999,85.822,2.0,3,stable,sale_event,model_forecast
1000,85.933,2.0,3,stable,sale_event,model_forecast
